Customer ID,Recency,Frequency,Monetary,Tenure,AvgBasketSize,Target_LTV,Target_churn
12346,155,11,372.86,351,6.363636363636363,77183.6,0
12347,30,1,611.53,30,509.0,5021.79,0
12348,64,1,222.16,64,373.0,1797.24,0
12349,33,3,2671.14,215,331.0,1757.55,0
12351,1,1,300.93,1,261.0,0.0,1
12352,1,2,343.8,18,94.0,2506.04,0
12353,34,1,317.76,34,192.0,89.0,0
12355,193,1,488.21000000000004,193,303.0,459.4,0
12356,6,3,3562.25,50,608.6666666666666,2811.43,0
12357,14,2,12079.99,14,1939.5,6207.67,0
12358,1,3,2719.01,357,277.0,1168.06,0
12359,51,6,2563.36,360,188.33333333333334,6372.58,0
12360,5,5,1590.83,281,258.8,2662.06,0
12361,88,3,321.35,308,48.0,189.9,0
12362,364,1,130.0,364,1.0,5226.23,0
12366,259,1,500.24,259,296.0,0.0,1
12368,254,1,917.6999999999999,254,330.0,0.0,1
12369,39,3,1791.15,267,413.6666666666667,0.0,1
12370,250,3,774.62,294,84.0,3545.69,0
12371,35,3,2179.42,271,281.6666666666667,1887.96,0
12373,250,2,763.0500000000001,299,159.5,364.6,0
12374,47,3,2246.29,214,340.0,742.9300000000001,0
12376,15,2,503.15,43,120.0,0.0,1
12377,7,2,1798.2,215,580.5,1628.12,0
12378,188,1,1407.7,188,787.0,4008.62,0
12379,48,2,767.98,160,204.0,852.24,0
12380,91,7,6951.49,288,318.2857142857143,2724.81,0
12385,5,1,1938.4,5,612.0,0.0,1
12387,41,1,143.94,41,134.0,0.0,1
12388,71,2,1120.45,208,269.5,2780.66,0
12389,28,3,1433.33,281,204.66666666666666,0.0,1
12391,90,5,2312.53,288,184.0,460.89,0
12392,217,1,234.75000000000003,217,73.0,0.0,1
12393,8,2,816.85,54,247.5,1582.6000000000001,0
12395,32,3,1702.54,228,362.3333333333333,3364.73,0
12396,300,1,931.43,300,591.0,0.0,1
12399,11,3,853.65,270,340.0,1108.65,0
12400,40,1,205.25,40,91.0,0.0,1
12402,18,5,1031.3,296,98.0,225.6,0
12403,147,1,591.6600000000001,147,164.0,427.7,0
12404,308,1,63.24,308,1.0,0.0,1
12406,25,3,2975.06,323,532.6666666666666,3415.3,0
12408,11,3,1452.22,124,273.3333333333333,2888.55,0
12409,46,4,12346.619999999999,191,1898.0,11072.67,0
12410,128,1,320.38,128,130.0,693.3299999999999,0
12411,35,1,346.9,35,138.0,0.0,1
12412,28,3,1370.05,165,389.3333333333333,1226.88,0
12413,28,1,241.35,28,33.0,758.1,0
12414,89,3,390.0,89,65.0,562.41,0
12415,1,7,19543.84,153,2010.4285714285713,124914.53,0
12416,282,1,202.56,282,132.0,0.0,1
12417,36,11,3167.81,359,121.63636363636364,3649.1,0
12418,39,3,1352.62,256,227.0,668.58,0
12419,11,2,503.01,39,115.5,0.0,1
12421,41,2,291.56,131,84.0,807.04,0
12422,20,14,4428.24,347,159.0,803.5600000000001,0
12423,13,2,763.08,91,227.0,1859.31,0
12424,48,2,1579.07,174,642.5,1760.96,0
12425,74,1,964.21,74,651.0,777.2,0
12426,288,1,762.48,288,326.0,582.73,0
12429,67,4,2454.01,172,333.25,5031.900000000001,0
12431,35,12,4012.27,319,142.0,6845.7,0
12433,25,3,3418.27,102,821.0,17162.99,0
12434,7,1,297.29,7,138.0,806.14,0
12435,22,4,6096.04,363,725.75,7829.89,0
12437,21,21,7731.99,363,241.8095238095238,4951.41,0
12439,308,2,1158.18,351,242.0,0.0,1
12440,88,2,859.2,343,165.5,0.0,1
12443,358,1,485.31,358,182.0,0.0,1
12445,46,1,301.58000000000004,46,144.0,133.4,0
12449,36,2,768.6,64,364.5,4067.29,0
12450,25,3,490.32,100,104.66666666666667,197.88,0
12451,89,3,3634.36,155,928.0,9035.52,0
12454,21,4,13151.44,47,1674.25,3528.34,0
12455,71,4,3413.09,347,303.25,2466.86,0
12457,61,1,632.68,61,251.0,2363.23,0
12458,53,2,830.09,113,240.0,947.4,0
12459,231,1,454.36,231,258.0,0.0,1
12460,82,1,326.65,82,170.0,0.0,1
12466,308,1,56.73,308,1.0,0.0,1
12467,49,1,132.8,49,129.0,0.0,1
12468,152,3,2941.2,308,611.6666666666666,729.5400000000001,0
12469,148,2,3070.54,162,1276.0,0.0,1
12470,315,1,211.95,315,95.0,0.0,1
12471,0,49,20139.739999999998,358,176.9387755102041,19824.05,0
12472,22,12,9677.18,351,519.1666666666666,8203.41,0
12474,4,13,5048.66,292,239.0,7375.79,0
12475,35,1,426.26,35,236.0,723.38,0
12476,22,12,7298.99,127,269.75,6816.42,0
12477,25,3,7056.63,249,822.0,13219.74,0
12480,25,3,2183.2200000000003,133,415.0,3281.63,0
12481,2,5,6605.69,233,772.8,5755.7,0
12482,202,29,23691.4,279,932.4827586206897,0.0,1
12483,4,11,2635.6,303,96.54545454545455,2484.98,0
12484,109,6,1828.43,307,180.0,4541.72,0
12485,155,1,708.1,155,414.0,0.0,1
12486,57,1,1037.28,57,523.0,0.0,1
12487,356,1,285.29999999999995,356,174.0,0.0,1
12490,4,11,4405.71,364,258.3636363636364,5417.93,0
12492,29,1,452.0,29,252.0,263.21000000000004,0
12494,37,2,569.17,202,136.0,1303.7,0
12495,266,1,357.4,266,130.0,0.0,1
12496,246,2,54.09,246,16.5,0.0,1
12497,26,2,5205.400000000001,270,2224.5,1043.1,0
12499,186,1,393.72,186,302.0,0.0,1
12500,61,8,1697.39,299,87.375,4257.82,0
12503,210,1,1126.0,210,561.0,0.0,1
12504,43,2,297.0,222,184.0,482.04999999999995,0
12505,34,1,955.2,34,324.0,0.0,1
12507,210,1,539.25,210,362.0,1304.81,0
12510,85,7,4195.45,361,242.28571428571428,982.5699999999999,0
12511,54,1,3084.02,54,1753.0,0.0,1
12514,267,1,580.08,267,400.0,1017.68,0
12516,56,2,1336.56,225,538.5,1312.06,0
12519,102,1,385.7,102,212.0,340.84,0
12523,0,12,2582.38,358,117.5,1789.77,0
12524,14,9,6640.39,295,386.55555555555554,4485.72,0
12525,124,3,973.73,273,169.66666666666666,0.0,1
12527,120,2,386.8,155,146.0,348.71000000000004,0
12529,154,1,316.48,154,192.0,0.0,1
12530,41,5,2096.98,268,360.0,1662.28,0
12531,312,1,1807.98,312,1074.0,125.22,0
12533,253,2,1367.89,364,352.0,0.0,1
12537,34,1,732.94,34,449.0,0.0,1
12538,4,1,276.5,4,145.0,363.95,0
12539,76,3,5646.400000000001,342,822.6666666666666,5568.35,0
12540,4,16,8854.25,358,270.875,13400.24,0
12542,110,2,481.88,266,261.0,0.0,1
12543,74,1,980.25,74,688.0,0.0,1
12547,126,1,175.78,126,175.0,207.79999999999998,0
12549,201,6,1575.68,323,227.66666666666666,0.0,1
12553,11,2,916.47,49,180.0,3692.28,0
12554,74,1,468.5,74,240.0,0.0,1
12555,308,1,129.23,308,1.0,0.0,1
12557,58,3,6105.18,348,666.0,12610.960000000001,0
12562,11,2,1185.18,61,274.0,3781.7400000000002,0
12563,34,1,249.24,34,113.0,0.0,1
12567,14,5,2366.2,292,200.6,11343.66,0
12568,270,1,70.0,270,48.0,0.0,1
12570,308,1,77.52,308,1.0,0.0,1
12573,7,4,556.87,91,98.75,160.54000000000002,0
12575,83,2,622.8199999999999,152,157.5,0.0,1
12576,18,3,826.89,152,175.66666666666666,1315.83,0
12577,7,5,995.9499999999999,362,145.0,657.8,0
12578,11,2,1847.94,69,592.0,2794.51,0
12580,202,1,637.2,202,331.0,415.7,0
12582,48,2,1469.04,203,342.5,511.36,0
12583,11,12,6310.2,359,289.5833333333333,8137.24,0
12586,0,3,1865.73,349,202.66666666666666,196.94000000000003,0
12588,25,3,743.88,223,128.33333333333334,214.89999999999998,0
12589,47,6,4048.98,315,243.0,646.68,0
12591,16,2,899.3,34,224.5,452.84999999999997,0
12592,145,3,2145.06,145,528.3333333333334,437.6,0
12594,4,5,1751.89,272,198.2,3338.2200000000003,0
12595,130,1,299.02,130,271.0,0.0,1
12598,89,3,1511.01,274,314.0,3023.08,0
12599,7,6,1264.14,203,205.5,1032.58,0
12600,1,11,2368.38,358,55.36363636363637,2675.54,0
12601,30,1,104.19999999999999,30,45.0,577.0600000000001,0
12605,2,4,1232.95,84,232.25,0.0,1
12606,308,1,21.0,308,1.0,0.0,1
12608,30,1,415.79,30,323.0,0.0,1
12609,0,6,2309.01,345,150.83333333333334,1126.85,0
12613,14,5,3490.69,351,503.8,3344.38,0
12615,39,4,3449.79,257,485.25,2291.19,0
12616,14,1,417.8,14,214.0,713.3,0
12619,186,1,140.14,186,140.0,3641.24,0
12621,2,15,10621.53,294,417.73333333333335,14154.28,0
12623,42,6,3442.7400000000002,322,296.6666666666667,305.1,0
12625,135,2,2481.06,222,848.5,2683.82,0
12629,11,2,1558.22,49,361.0,0.0,1
12631,82,5,2841.07,319,274.2,640.5,0
12632,146,2,804.88,190,347.0,0.0,1
12633,8,3,3514.18,151,692.0,2163.98,0
12634,161,2,490.0,174,168.5,0.0,1
12635,18,2,1241.23,82,388.5,1689.18,0
12636,364,1,141.0,364,1.0,0.0,1
12637,4,4,2318.41,169,320.5,6021.9,0
12638,265,1,249.8,265,86.0,671.69,0
12639,60,2,826.27,253,215.0,486.1,0
12643,11,6,5005.78,237,496.1666666666667,3344.64,0
12644,56,3,1440.58,320,235.66666666666666,477.91,0
12645,35,4,1764.12,294,260.25,1775.18,0
12647,11,24,13232.73,321,216.75,4691.62,0
12648,63,3,793.95,327,119.33333333333333,318.05,0
12649,8,5,1671.1399999999999,322,274.6,623.51,0
12651,4,3,263.75,91,62.333333333333336,114.0,0
12652,60,1,97.05000000000001,60,31.0,919.98,0
12653,152,1,1950.98,152,762.0,2209.85,0
12655,49,1,261.35,49,80.0,0.0,1
12656,51,3,2356.66,188,379.0,4051.17,0
12661,62,1,162.0,62,216.0,0.0,1
12662,7,9,2876.76,243,151.77777777777777,4111.26,0
12663,250,2,239.4,294,90.5,0.0,1
12664,140,2,1188.16,352,146.0,4881.88,0
12665,43,2,250.6,295,64.0,63.0,0
12666,20,1,1248.42,20,370.0,0.0,1
12668,4,6,7637.53,303,573.6666666666666,3807.15,0
12670,11,2,764.24,292,115.0,2996.05,0
12671,232,1,2622.481,232,1460.0,0.0,1
12672,221,1,211.15,221,60.0,225.89999999999998,0
12673,27,1,619.5,27,349.0,610.52,0
12675,179,2,958.5,204,168.5,0.0,1
12676,34,5,1511.7,109,239.4,1331.39,0
12677,181,2,395.1,292,88.0,0.0,1
12678,1,9,16652.72,327,1272.111111111111,17628.46,0
12681,4,23,16047.22,352,411.95652173913044,14821.06,0
12682,11,21,10670.4,364,236.52380952380952,13363.51,0
12683,82,6,3157.13,352,338.6666666666667,9539.65,0
12687,106,2,2138.91,106,701.5,0.0,1
12691,46,1,134.6,46,51.0,1035.8,0
12692,263,1,110.95,263,36.0,0.0,1
12693,22,3,847.11,148,93.66666666666667,855.91,0
12694,46,1,973.68,46,846.0,869.67,0
12695,154,3,825.02,291,78.0,582.1,0
12696,60,2,851.91,134,282.0,0.0,1
12698,216,1,339.75,216,111.0,0.0,1
12699,43,1,638.11,43,373.0,0.0,1
12701,155,4,1648.7,259,262.25,797.71,0
12703,259,3,722.98,310,143.66666666666666,283.55,0
12705,9,5,4893.81,159,638.2,6868.29,0
12708,30,8,2404.75,347,140.625,2909.35,0
12709,12,19,20834.12,356,521.4736842105264,10259.22,0
12711,237,2,1339.05,302,385.0,0.0,1
12712,25,8,2326.9,356,142.875,4866.76,0
12714,14,7,9384.85,361,815.0,4708.86,0
12717,216,1,277.93,216,94.0,1030.98,0
12720,37,5,2005.55,132,269.2,6255.12,0
12721,11,2,1356.95,97,348.0,2656.13,0
12724,9,3,1286.11,161,311.3333333333333,1031.41,0
12725,40,3,1838.96,210,326.0,855.6,0
12726,13,4,1405.5,250,368.75,2609.1,0
12727,68,3,1698.8300000000002,280,244.66666666666666,3980.7,0
12728,9,1,233.84,9,124.0,836.33,0
12730,147,1,829.25,147,234.0,0.0,1
12731,68,5,6879.8,273,640.8,18895.91,0
12733,15,3,2040.92,315,253.0,383.95,0
12734,0,2,529.25,18,88.5,110.39999999999999,0
12737,124,2,3710.5,124,1.0,0.0,1
12739,11,2,1713.69,20,232.5,1013.04,0
12741,155,2,406.07,159,107.0,0.0,1
12742,251,1,1201.52,251,1359.0,0.0,1
12744,85,4,4037.77,217,438.25,21279.29,0
12745,112,3,925.41,308,156.0,0.0,1
12746,166,1,254.55,166,97.0,0.0,1
12747,14,15,4721.97,358,91.66666666666667,4554.57,0
12748,1,127,20878.31,361,94.74015748031496,35721.08,0
12749,25,4,2806.48,147,222.25,4090.88,0
12751,70,1,268.27,70,189.0,0.0,1
12755,11,9,1424.31,319,89.11111111111111,7606.349999999999,0
12758,85,5,7111.650000000001,364,804.0,2791.59,0
12759,12,5,3489.3,361,460.0,1531.44,0
12760,81,1,347.8,81,198.0,0.0,1
12761,83,2,782.95,90,140.5,0.0,1
12765,98,6,1404.58,267,168.16666666666666,0.0,1
12766,14,2,1929.3600000000001,33,688.0,8138.92,0
12767,1,1,949.82,1,598.0,0.0,1
12768,76,1,168.69000000000003,76,102.0,0.0,1
12770,82,1,1895.0,82,1100.0,1351.45,0
12771,111,1,282.3,111,104.0,0.0,1
12773,190,1,124.25,190,109.0,0.0,1
12774,161,1,98.7,161,53.0,0.0,1
12775,14,2,300.08,35,103.0,1386.04,0
12776,293,1,55.5,293,46.0,0.0,1
12777,83,1,519.45,83,458.0,0.0,1
12778,22,3,953.45,228,303.3333333333333,822.23,0
12779,18,6,2492.75,362,246.16666666666666,4229.5199999999995,0
12780,224,1,337.4,224,285.0,0.0,1
12782,0,6,2287.32,145,155.16666666666666,2330.92,0
12784,155,1,1230.33,155,582.0,574.42,0
12785,161,2,788.45,357,161.0,311.95,0
12786,235,1,728.5,235,324.0,0.0,1
12787,39,1,398.52,39,249.0,463.66,0
12788,89,4,444.9,154,48.5,0.0,1
12789,138,2,181.5,319,16.0,91.85,0
12790,36,1,266.93,36,140.0,324.92,0
12791,18,5,670.91,250,51.2,385.20000000000005,0
12792,160,1,426.47,160,177.0,400.53999999999996,0
12793,27,1,340.05,27,166.0,677.28,0
12796,254,1,381.0,254,182.0,0.0,1
12797,50,1,298.05,50,97.0,508.06,0
12798,47,1,1533.8899999999999,47,3199.0,6977.04,0
12799,155,1,219.35,155,137.0,0.0,1
12800,96,3,584.25,302,94.66666666666667,0.0,1
12801,126,1,1071.82,126,505.0,0.0,1
12802,68,6,1988.84,189,276.3333333333333,427.58,0
12803,19,1,1092.81,19,872.0,0.0,1
12804,91,2,327.02,126,135.5,0.0,1
12805,7,4,1434.95,300,148.25,0.0,1
12806,61,4,2878.96,214,521.75,0.0,1
12807,9,1,330.35,9,145.0,0.0,1
12808,61,2,293.05,88,67.0,613.0500000000001,0
12809,191,2,1266.63,273,149.0,489.31,0
12810,160,2,534.99,302,194.5,0.0,1
12811,4,2,519.05,53,102.5,514.85,0
12813,127,3,1687.8,319,380.3333333333333,0.0,1
12817,25,2,524.94,60,83.0,166.04,0
12819,84,1,540.52,84,344.0,0.0,1
12820,23,7,1747.18,360,177.42857142857142,942.34,0
12821,237,1,128.07999999999998,237,92.0,92.72,0
12823,20,13,4742.0,305,53.84615384615385,1759.5,0
12825,147,2,518.63,267,69.5,0.0,1
12826,30,5,1326.03,347,171.4,1629.72,0
12829,176,1,92.30000000000001,176,174.0,293.0,0
12831,89,2,236.06,89,84.0,215.05,0
12835,53,41,6043.31,362,57.48780487804878,0.0,1
12836,15,11,3972.76,364,106.54545454545455,2612.86,0
12837,195,1,554.31,195,185.0,134.1,0
12838,13,8,2324.56,218,157.25,1073.92,0
12839,5,12,4077.7,358,230.91666666666666,5994.03,0
12840,63,3,1315.2,300,249.0,2726.77,0
12841,5,15,3012.34,145,155.73333333333332,4528.34,0
12842,30,2,799.0,363,170.0,1118.99,0
12843,8,22,4886.15,352,102.27272727272727,1702.26,0
12844,68,2,322.64,219,49.0,325.96000000000004,0
12846,308,1,15.58,308,1.0,0.0,1
12847,13,1,765.36,13,624.0,871.54,0
12848,301,1,208.0,301,58.0,0.0,1
12849,7,4,2039.67,217,314.75,1050.8899999999999,0
12850,71,1,330.0,71,200.0,0.0,1
12851,103,1,148.95,103,51.0,135.18,0
12853,53,5,1950.4,298,173.6,1957.1000000000001,0
12854,187,4,1669.52,354,252.0,1324.5,0
12855,20,3,574.74,28,70.0,76.2,0
12857,62,4,2581.6,309,269.25,1106.4,0
12858,9,1,177.92,9,63.0,0.0,1
12859,84,1,575.1,84,292.0,0.0,1
12860,319,1,55.47,319,27.0,0.0,1
12861,245,1,68.25,245,27.0,0.0,1
12862,51,2,1008.3199999999999,121,306.5,0.0,1
12863,5,5,2271.35,215,141.4,521.2,0
12864,134,1,152.45,134,231.0,147.12,0
12865,4,2,1755.24,102,524.0,1568.23,0
12866,100,2,668.23,128,191.0,559.12,0
12867,23,6,3876.47,349,606.8333333333334,4036.82,0
12868,6,2,436.7,18,121.0,1810.3600000000001,0
12869,307,1,337.66999999999996,307,144.0,0.0,1
12870,1,3,1676.95,250,302.0,0.0,1
12871,65,1,363.38,65,284.0,380.64,0
12872,9,10,2706.9900000000002,361,133.3,978.5,0
12873,23,2,1653.3,307,329.0,374.0,0
12874,11,2,948.42,180,311.5,0.0,1
12875,97,3,1013.76,323,1056.0,343.2300000000001,0
12876,20,2,1863.77,216,553.0,2218.02,0
12877,27,8,1419.4,316,135.5,1535.77,0
12880,7,2,640.13,200,139.5,0.0,1
12887,9,1,222.4,9,100.0,0.0,1
12889,7,4,385.46000000000004,128,31.0,0.0,1
12890,13,1,336.8,13,207.0,380.46999999999997,0
12891,84,8,509.5,285,171.875,331.0,0
12892,22,1,263.38,22,140.0,0.0,1
12894,201,1,157.35,201,33.0,0.0,1
12897,7,2,297.75,169,69.5,216.5,0
12898,89,2,310.96000000000004,285,120.0,0.0,1
12899,39,1,366.4,39,108.0,0.0,1
12900,48,1,340.33,48,139.0,0.0,1
12903,54,1,833.53,54,493.0,0.0,1
12905,202,2,1018.42,308,266.0,0.0,1
12907,21,2,508.91,120,88.5,0.0,1
12908,6,3,1026.0,256,600.0,750.0,0
12909,50,3,924.52,279,222.66666666666666,2178.67,0
12910,5,5,2721.48,247,388.0,3075.04,0
12911,177,1,1680.47,177,820.0,0.0,1
12913,6,8,3799.61,364,208.375,2901.25,0
12914,26,1,223.98,26,336.0,0.0,1
12915,98,2,611.45,214,159.0,563.3,0
12916,68,3,1647.87,310,218.33333333333334,3006.15,0
12917,26,5,3765.2,356,196.8,594.0,0
12918,252,1,10953.5,252,1.0,0.0,1
12920,197,3,323.86,351,97.33333333333333,164.23,0
12921,11,37,18646.15,364,318.97297297297297,17274.89,0
12923,16,2,612.9,201,84.0,176.97,0
12924,19,8,1535.7,356,117.75,933.7,0
12925,218,1,35.28,218,108.0,694.05,0
12926,37,4,1548.46,351,191.5,0.0,1
12927,20,1,197.31,20,145.0,0.0,1
12928,4,7,2242.19,175,203.85714285714286,2062.7000000000003,0
12931,6,42,50291.38,364,831.0,42055.96,0
12932,165,8,1698.56,293,201.125,0.0,1
12933,6,5,1079.5,355,92.0,607.53,0
12934,362,1,181.65,362,31.0,0.0,1
12935,1,8,2083.16,233,168.5,2160.7,0
12937,89,5,1593.34,362,195.2,1504.27,0
12939,5,12,13683.0,322,454.3333333333333,11581.8,0
12941,350,1,377.49,350,381.0,0.0,1
12943,184,2,496.5,231,111.0,0.0,1
12945,282,1,437.16,282,281.0,462.95,0
12946,62,1,324.45,62,149.0,0.0,1
12948,356,2,252.48000000000002,363,112.0,2064.95,0
12949,8,14,11359.48,362,418.0,4167.22,0
12951,12,9,2149.65,324,128.77777777777777,1064.07,0
12953,148,1,498.96000000000004,148,280.0,329.85,0
12954,264,1,162.45,264,83.0,0.0,1
12956,310,3,413.82,350,102.0,108.07,0
12957,167,5,4689.43,354,427.4,4017.54,0
12958,26,2,539.49,209,65.5,0.0,1
12959,110,1,150.95,110,109.0,0.0,1
12960,39,4,1322.07,287,344.75,0.0,1
12961,5,1,211.99,5,180.0,0.0,1
12963,61,4,1379.16,145,189.0,2222.43,0
12964,63,1,132.24,63,56.0,0.0,1
12967,9,1,1277.6200000000001,9,474.0,3029.3,0
12969,228,1,122.45,228,55.0,0.0,1
12970,6,6,1072.73,361,117.33333333333333,452.24,0
12971,0,30,4514.6900000000005,350,167.23333333333332,11458.1,0
12972,39,4,1161.2,287,211.0,0.0,1
12973,39,1,385.55,39,31.0,0.0,1
12974,191,1,264.15,191,80.0,144.8,0
12975,62,6,2100.09,359,151.83333333333334,0.0,1
12976,4,7,2417.7799999999997,291,303.2857142857143,738.6,0
12977,127,3,478.39,137,39.666666666666664,39.239999999999995,0
12978,11,5,2502.82,355,278.8,0.0,1
12979,355,1,517.7,355,520.0,0.0,1
12980,12,12,8870.880000000001,363,85.33333333333333,7374.900000000001,0
12982,20,7,2354.27,232,205.85714285714286,390.54,0
12983,224,1,490.08000000000004,224,638.0,0.0,1
12986,54,10,2729.84,313,116.4,0.0,1
12987,46,3,753.51,314,122.0,558.7,0
12989,50,18,6627.64,355,221.77777777777777,6924.110000000001,0
12990,43,4,546.0,245,70.0,409.5,0
12991,15,1,261.06,15,78.0,503.76,0
12992,351,1,93.35000000000001,351,21.0,0.0,1
12993,71,4,844.87,285,127.75,414.76,0
12996,1,1,355.5,1,122.0,0.0,1
12997,20,4,884.02,238,130.5,1226.89,0
12998,118,3,920.08,279,374.6666666666667,0.0,1
13000,351,1,497.65000000000003,351,169.0,534.85,0
13001,30,20,14353.28,362,401.7,9818.82,0
13002,42,2,293.18,60,64.0,120.94999999999999,0
13004,12,18,5994.94,350,219.22222222222223,5655.91,0
13005,57,2,485.98,83,145.0,513.7,0
13007,205,1,175.25,205,59.0,0.0,1
13008,23,2,382.66,349,102.0,229.46999999999997,0
13009,298,1,234.0,298,120.0,0.0,1
13010,0,2,330.12,274,161.5,0.0,1
13012,55,3,1310.99,218,246.33333333333334,1661.8400000000001,0
13013,13,16,6286.490000000001,351,214.8125,6339.28,0
13014,58,1,1914.8,58,1074.0,3466.2799999999997,0
13015,64,6,3240.14,229,319.6666666666667,3346.28,0
13018,39,7,2485.46,274,187.28571428571428,7277.7,0
13019,5,6,1229.95,359,66.16666666666667,0.0,1
13020,188,2,618.96,285,139.0,0.0,1
13021,0,8,2270.86,360,149.25,2616.38,0
13022,55,1,65.3,55,35.0,0.0,1
13023,154,1,759.13,154,299.0,689.9,0
13024,96,2,555.87,208,90.5,0.0,1
13025,357,1,323.39,357,241.0,0.0,1
13026,114,4,757.72,352,211.5,975.36,0
13027,11,13,10423.2,314,1984.6153846153845,6912.0,0
13029,0,2,679.8,149,30.0,1247.5,0
13031,33,5,3419.27,180,479.8,0.0,1
13032,18,7,1833.37,86,129.42857142857142,1010.18,0
13033,55,1,30.0,55,15.0,190.55,0
13034,27,1,114.05000000000001,27,37.0,808.63,0
13035,57,1,442.32,57,282.0,921.88,0
13036,310,1,307.1,310,38.0,0.0,1
13037,25,9,3033.88,362,188.77777777777777,881.07,0
13039,210,4,1010.73,348,72.5,0.0,1
13041,76,4,799.13,215,83.75,0.0,1
13042,224,3,1556.54,358,276.6666666666667,0.0,1
13044,118,10,4293.43,326,212.4,560.47,0
13045,27,2,503.64,112,92.0,305.28000000000003,0
13046,82,1,319.94,82,241.0,629.31,0
13047,40,14,5190.99,349,138.35714285714286,3604.17,0
13048,62,5,2248.3,307,293.4,1835.91,0
13049,15,2,751.5600000000001,27,176.0,656.6800000000001,0
13050,0,18,6179.66,350,182.0,6164.87,0
13051,204,2,155.8,245,36.0,0.0,1
13052,46,6,2820.38,280,205.33333333333334,348.15000000000003,0
13053,247,1,127.65,247,47.0,0.0,1
13055,55,1,1106.7,55,927.0,1214.41,0
13056,177,1,209.48,177,158.0,0.0,1
13057,156,3,722.09,257,155.33333333333334,0.0,1
13059,39,9,2119.77,244,92.11111111111111,183.4,0
13063,106,1,188.4,106,116.0,0.0,1
13064,176,2,561.25,217,77.0,1119.49,0
13065,18,4,849.19,173,76.75,411.72,0
13067,35,2,393.05,72,49.5,115.46000000000001,0
13069,2,14,4914.51,169,666.8571428571429,4768.62,0
13070,85,3,522.9,358,87.33333333333333,228.8,0
13071,238,1,129.22,238,30.0,0.0,1
13073,37,2,418.08,63,130.5,0.0,1
13074,137,4,1378.74,349,206.5,0.0,1
13076,83,1,135.4,83,44.0,0.0,1
13077,7,7,2021.68,354,231.28571428571428,1042.99,0
13078,0,31,16390.12,364,206.51612903225808,13142.33,0
13079,43,1,199.08,43,96.0,220.10000000000002,0
13080,27,3,222.65,235,24.333333333333332,58.08,0
13081,14,17,28500.99,357,1235.8235294117646,30704.16,0
13082,50,12,3722.12,343,345.1666666666667,3613.63,0
13083,51,1,91.67999999999999,51,120.0,303.75,0
13084,117,1,122.39999999999999,117,144.0,0.0,1
13085,305,6,2017.2,364,121.33333333333333,416.08000000000004,0
13086,8,1,439.33000000000004,8,155.0,0.0,1
13087,352,1,313.64,352,86.0,0.0,1
13088,43,1,236.11,43,76.0,0.0,1
13089,5,106,54681.41,363,263.5943396226415,62056.45,0
13090,0,10,4183.87,120,98.5,9919.22,0
13091,355,2,1976.0,355,436.5,345.82,0
13092,40,7,1662.45,293,55.0,477.83,0
13093,0,47,46311.78,361,468.29787234042556,8631.869999999999,0
13094,15,1,282.12,15,180.0,2151.0,0
13096,20,1,419.70000000000005,20,6.0,0.0,1
13097,14,18,7378.8,364,168.5,6010.42,0
13101,124,3,594.21,307,121.66666666666667,101.19,0
13102,5,13,4956.01,208,166.30769230769232,6740.91,0
13103,63,2,465.70000000000005,203,172.0,243.94,0
13104,41,3,610.62,279,110.0,1098.48,0
13105,62,1,72.0,62,100.0,0.0,1
13106,39,1,526.96,39,213.0,76.5,0
13107,39,5,3721.45,299,604.6,1531.6200000000001,0
13108,61,1,398.4,61,447.0,700.12,0
13109,177,1,347.49,177,237.0,786.54,0
13110,63,5,1468.8000000000002,364,75.0,1488.67,0
13111,344,1,321.88000000000005,344,180.0,0.0,1
13112,167,1,20.6,167,11.0,0.0,1
13113,1,13,6006.8,247,107.3076923076923,12618.93,0
13114,356,1,234.38,356,74.0,0.0,1
13115,5,6,3199.92,225,394.5,2294.78,0
13117,12,10,1270.75,249,90.7,1373.06,0
13118,2,4,1217.6,65,106.0,1197.81,0
13119,294,1,134.9,294,110.0,0.0,1
13123,98,2,506.75,155,134.0,0.0,1
13124,11,1,916.12,11,636.0,3866.33,0
13125,149,1,158.57,149,54.0,0.0,1
13126,33,5,1675.17,273,229.2,2323.08,0
13128,257,1,263.5,257,31.0,0.0,1
13129,78,2,233.25,155,148.0,0.0,1
13131,44,4,2240.47,294,269.0,1073.3,0
13133,85,1,90.65,85,23.0,109.8,0
13134,28,2,681.65,42,152.5,1793.58,0
13135,117,1,275.45,117,123.0,3096.0,0
13136,1,8,3666.9500000000003,357,222.625,2607.61,0
13137,12,8,4062.29,128,258.5,3650.41,0
13138,22,1,311.62,22,120.0,1155.62,0
13139,63,1,3138.04,63,2189.0,5064.94,0
13140,46,2,632.45,117,193.5,583.23,0
13141,11,12,5279.83,356,301.75,2388.75,0
13143,210,1,405.1,210,198.0,0.0,1
13144,57,1,24.4,57,8.0,110.95,0
13145,46,3,510.0,225,40.0,913.52,0
13148,15,14,4914.6900000000005,358,185.42857142857142,3707.12,0
13150,110,3,449.96999999999997,256,57.0,0.0,1
13151,251,2,1322.8700000000001,253,234.5,1257.8700000000001,0
13152,43,7,2146.38,320,139.57142857142858,0.0,1
13154,25,3,1624.84,361,325.3333333333333,0.0,1
13155,39,2,398.72,117,122.0,1351.46,0
13156,11,3,1586.54,302,304.6666666666667,0.0,1
13157,35,5,3946.14,267,664.6,1741.22,0
13158,14,1,307.12,14,208.0,1201.06,0
13161,126,1,366.13,126,77.0,112.75,0
13162,6,12,7587.2,361,336.8333333333333,1688.29,0
13163,236,1,17.65,236,3.0,0.0,1
13164,195,2,372.2,293,60.0,0.0,1
13165,39,1,429.68,39,360.0,1021.48,0
13166,40,1,466.98,40,311.0,417.2,0
13167,16,1,333.82,16,222.0,791.33,0
13168,168,1,556.12,168,230.0,1319.19,0
13169,188,1,127.2,188,24.0,712.88,0
13172,26,1,69.6,26,48.0,0.0,1
13173,74,9,2119.76,355,136.55555555555554,519.59,0
13174,18,9,5261.84,361,271.77777777777777,4233.0,0
13175,208,2,831.45,361,211.5,0.0,1
13177,56,1,229.75,56,89.0,282.45,0
13178,23,10,8333.72,349,520.8,5725.47,0
13179,244,1,572.3100000000001,244,368.0,0.0,1
13180,233,1,86.10000000000001,233,42.0,0.0,1
13181,7,1,359.69,7,171.0,0.0,1
13183,20,6,3078.4,261,303.1666666666667,3957.78,0
13187,250,3,130.99,250,93.33333333333333,236.02,0
13190,170,3,570.66,358,102.66666666666667,0.0,1
13191,284,1,164.69,284,115.0,0.0,1
13192,161,4,1646.6399999999999,312,258.5,911.94,0
13194,47,1,412.08,47,300.0,60.7,0
13195,40,1,172.38,40,83.0,0.0,1
13196,69,3,1271.06,243,260.6666666666667,1797.78,0
13197,235,1,373.01000000000005,235,204.0,0.0,1
13198,13,2,1572.99,60,400.5,3401.2400000000002,0
13199,0,29,6147.09,360,185.89655172413794,10285.8,0
13201,128,4,1240.6100000000001,268,259.75,0.0,1
13202,20,7,1580.3,356,81.71428571428571,0.0,1
13203,12,6,1778.79,348,268.8333333333333,869.46,0
13204,357,1,966.6600000000001,357,428.0,0.0,1
13205,69,1,2803.2,69,256.0,0.0,1
13206,26,13,8377.32,358,550.3846153846154,0.0,1
13207,77,2,285.6,238,24.0,250.26000000000002,0
13208,74,3,764.6,362,180.33333333333334,1223.9,0
13209,140,5,2617.9,310,305.6,5891.61,0
13211,7,7,1531.9,359,145.14285714285714,1197.42,0
13213,9,6,2330.94,194,267.0,1520.58,0
13214,43,7,3264.23,272,423.7142857142857,0.0,1
13215,28,1,81.6,28,96.0,0.0,1
13217,281,1,132.5,281,250.0,533.98,0
13219,244,1,76.23,244,11.0,0.0,1
13220,201,1,516.8,201,200.0,819.2900000000001,0
13222,203,1,88.5,203,30.0,0.0,1
13223,49,4,805.9200000000001,291,120.0,163.20000000000002,0
13225,47,9,9796.23,348,442.77777777777777,6463.84,0
13226,19,1,204.25,19,99.0,108.21000000000001,0
13230,2,16,3460.36,256,121.0625,2900.42,0
13233,46,2,571.34,320,300.0,605.12,0
13234,298,2,356.95,358,81.0,0.0,1
13237,13,1,643.0,13,128.0,0.0,1
13238,56,2,305.9,216,72.0,700.73,0
13239,63,4,1265.1299999999999,128,206.0,329.56,0
13240,37,4,850.8,278,107.5,887.72,0
13241,37,1,115.58,37,48.0,0.0,1
13242,77,4,429.0,294,55.0,270.40000000000003,0
13243,75,4,677.97,257,86.5,600.07,0
13245,58,1,558.72,58,246.0,430.5,0
13246,19,5,1400.1299999999999,151,242.6,1987.3,0
13249,27,6,897.52,310,116.66666666666667,711.41,0
13250,86,2,256.04,128,54.0,0.0,1
13251,28,1,252.68,28,215.0,0.0,1
13252,20,2,399.3,251,67.0,0.0,1
13253,56,2,1920.71,329,721.5,1030.4,0
13254,2,1,51.410000000000004,2,43.0,0.0,1
13255,138,1,279.25,138,230.0,625.21,0
13257,62,1,149.75,62,33.0,0.0,1
13258,5,2,336.59999999999997,26,82.0,698.58,0
13259,23,8,1141.06,324,48.125,292.32,0
13262,15,2,373.16,226,61.0,200.29,0
13263,19,4,1250.6200000000001,39,152.5,7454.07,0
13264,68,1,722.5600000000001,68,375.0,0.0,1
13266,39,7,2300.78,348,344.14285714285717,3834.2599999999998,0
13267,0,17,4908.32,358,117.05882352941177,4849.9400000000005,0
13269,7,13,3194.04,363,219.46153846153845,5697.66,0
13274,35,1,360.85,35,199.0,0.0,1
13275,9,2,241.66,258,70.0,0.0,1
13276,23,3,1348.33,268,231.33333333333334,590.9300000000001,0
13277,6,3,264.9,165,68.66666666666667,258.4,0
13278,25,3,893.12,236,273.6666666666667,542.73,0
13280,5,4,1507.77,270,243.25,814.86,0
13281,65,1,350.85,65,201.0,0.0,1
13282,32,1,181.05,32,103.0,1132.14,0
13283,193,2,279.7,266,57.0,93.66,0
13285,226,2,655.47,250,203.0,2709.12,0
13286,226,1,734.91,226,274.0,0.0,1
13287,229,3,781.59,330,143.0,0.0,1
13288,69,5,927.61,292,75.8,0.0,1
13289,349,1,307.95,349,119.0,0.0,1
13290,64,1,208.63,64,1.0,0.0,1
13291,40,10,2959.73,292,138.6,361.11,0
13292,41,3,415.57,152,61.0,578.9399999999999,0
13293,18,6,1192.94,294,92.5,0.0,1
13294,272,1,815.79,272,543.0,873.74,0
13295,2,3,900.77,202,217.0,201.20000000000002,0
13296,49,5,705.11,203,115.0,87.4,0
13297,11,3,2278.77,168,577.0,2089.85,0
13299,49,2,1076.2,154,193.0,142.5,0
13300,14,2,913.62,200,126.0,371.89,0
13302,152,1,95.45,152,7.0,63.75,0
13303,26,1,61.72,26,26.0,0.0,1
13304,81,3,917.57,295,159.33333333333334,300.42,0
13305,12,6,1617.65,265,166.16666666666666,2137.06,0
13306,56,1,53.65,56,74.0,0.0,1
13307,113,2,258.34,218,68.0,15.0,0
13308,222,1,284.86,222,230.0,1385.51,0
13309,18,1,249.58,18,370.0,1456.79,0
13310,6,2,409.17,28,114.5,1132.03,0
13312,77,1,124.75,77,41.0,0.0,1
13313,105,7,1890.0,363,208.14285714285714,1555.32,0
13315,315,1,310.26,315,232.0,0.0,1
13316,18,6,7213.84,265,2404.0,5977.7300000000005,0
13317,11,13,4212.411,352,162.6153846153846,2273.68,0
13319,5,32,10477.67,359,132.8125,11604.83,0
13320,60,2,679.4,104,211.5,1548.7,0
13324,54,8,3391.52,189,405.375,7121.95,0
13326,58,1,281.76,58,140.0,0.0,1
13327,21,12,5506.71,347,216.91666666666666,4372.77,0
13329,12,6,4019.77,361,474.6666666666667,1093.1999999999998,0
13330,81,3,1665.25,280,408.0,1140.93,0
13331,27,1,262.4,27,54.0,0.0,1
13333,37,3,1015.74,284,228.33333333333334,0.0,1
13334,162,2,2726.93,278,726.5,3536.82,0
13337,172,1,1575.26,172,980.0,0.0,1
13338,167,3,1958.6,329,298.3333333333333,487.02,0
13340,43,5,11364.08,281,773.2,10736.48,0
13346,88,6,299.4,222,30.0,0.0,1
13357,120,4,3228.41,253,455.0,609.95,0
13359,29,1,603.75,29,220.0,439.56,0
13360,57,4,1553.65,326,235.5,0.0,1
13361,98,2,1450.5,243,162.0,0.0,1
13362,4,3,2303.33,51,366.3333333333333,3090.7400000000002,0
13363,35,1,731.36,35,436.0,992.5,0
13367,57,1,510.20000000000005,57,253.0,0.0,1
13368,40,2,498.1,49,139.5,623.4,0
13371,131,2,2297.66,258,509.5,0.0,1
13373,41,3,4274.94,359,870.6666666666666,3312.25,0
13374,40,2,422.8,75,67.5,0.0,1
13375,70,1,1013.58,70,682.0,778.65,0
13377,22,2,1552.88,271,374.0,0.0,1
13380,58,1,62.4,58,48.0,0.0,1
13381,5,6,4585.06,364,516.0,3639.31,0
13382,54,4,1164.59,357,183.0,222.99,0
13383,169,1,305.28000000000003,169,288.0,0.0,1
13384,16,4,2528.9,126,430.0,4151.93,0
13386,40,2,835.46,63,257.0,0.0,1
13387,43,1,189.44,43,125.0,0.0,1
13388,229,1,508.55,229,419.0,677.1,0
13392,303,1,91.14,303,82.0,0.0,1
13393,209,4,1131.45,358,165.5,0.0,1
13394,5,11,4101.68,364,269.27272727272725,2520.02,0
13395,26,2,872.51,47,662.0,307.72,0
13397,63,5,1647.74,314,181.2,1544.13,0
13398,74,1,213.0,74,60.0,457.34,0
13399,90,3,275.4,145,40.0,0.0,1
13400,208,1,310.83,208,284.0,0.0,1
13402,131,2,605.62,190,219.0,929.51,0
13403,13,2,154.5,349,35.0,75.0,0
13405,107,3,641.36,350,230.0,572.451,0
13406,53,2,568.92,257,146.0,0.0,1
13407,204,3,2244.7,287,563.3333333333334,0.0,1
13408,1,44,22057.742,361,282.79545454545456,29675.72,0
13410,19,4,1198.9,357,181.5,1003.06,0
13412,246,1,487.34999999999997,246,176.0,0.0,1
13413,265,6,429.44,313,75.83333333333333,0.0,1
13414,89,3,1103.64,229,376.0,1390.5,0
13415,98,4,800.67,354,125.5,0.0,1
13416,362,1,228.3,362,66.0,712.5,0
13417,173,4,1028.66,295,92.5,640.83,0
13418,19,13,5482.93,354,265.6923076923077,6750.67,0
13421,32,6,2252.04,289,206.5,1851.08,0
13423,54,1,217.03,54,141.0,0.0,1
13424,75,1,572.77,75,529.0,0.0,1
13425,134,2,1779.42,205,629.5,1624.21,0
13426,8,12,4526.06,356,218.58333333333334,3641.32,0
13427,103,3,423.93,348,111.66666666666667,582.6,0
13428,140,2,281.51,140,105.0,218.47,0
13431,32,6,2047.14,285,149.66666666666666,1269.1,0
13432,197,2,439.1,238,108.5,0.0,1
13433,127,4,658.3199999999999,322,47.5,0.0,1
13434,11,3,1132.6200000000001,281,188.0,534.24,0
13435,2,2,665.34,126,331.0,3809.8900000000003,0
13438,173,1,46.5,173,10.0,0.0,1
13439,14,2,702.9,152,355.0,283.71,0
13440,49,7,1295.25,77,81.85714285714286,0.0,1
13441,57,1,424.26,57,316.0,296.64,0
13442,293,3,419.87,364,38.333333333333336,0.0,1
13443,74,6,1280.16,303,134.83333333333334,0.0,1
13444,0,2,631.6800000000001,132,168.5,0.0,1
13445,252,1,241.89999999999998,252,198.0,0.0,1
13446,56,11,3881.89,289,218.45454545454547,0.0,1
13448,25,7,5257.54,359,368.85714285714283,3983.33,0
13450,0,7,2076.32,229,333.7142857142857,2043.7199999999998,0
13451,7,6,4214.77,254,519.8333333333334,2976.15,0
13452,98,1,139.8,98,4.0,590.0,0
13453,28,1,424.71,28,207.0,356.97999999999996,0
13454,267,1,219.87,267,198.0,0.0,1
13455,79,4,1154.65,356,110.25,1751.28,0
13457,314,2,148.22,363,48.0,0.0,1
13458,5,2,2312.7,14,626.0,9646.57,0
13459,250,2,1160.4099999999999,308,493.0,0.0,1
13461,33,3,2715.0,223,654.0,1445.0,0
13462,36,4,1002.35,351,158.75,151.5,0
13464,20,5,2422.96,244,207.4,674.68,0
13465,72,2,931.12,212,292.0,0.0,1
13466,34,4,705.45,254,100.25,307.9,0
13468,7,35,7103.31,362,86.85714285714286,6287.2,0
13469,279,1,82.4,279,52.0,0.0,1
13472,89,2,592.24,181,155.0,0.0,1
13473,200,6,2235.12,350,122.33333333333333,422.64,0
13474,69,2,434.2,121,101.0,229.59,0
13476,32,3,823.0,270,98.66666666666667,1238.47,0
13477,81,5,1379.59,309,214.8,1454.58,0
13478,95,5,2215.78,303,237.8,0.0,1
13479,78,2,550.42,103,291.0,300.95,0
13480,42,2,627.82,305,181.0,0.0,1
13481,0,6,2026.28,361,152.16666666666666,1804.56,0
13482,253,1,151.45,253,71.0,184.64,0
13484,9,2,476.92,265,90.0,313.8,0
13485,2,10,2564.98,362,152.1,454.24,0
13487,131,2,271.47,360,48.5,575.4,0
13488,25,10,5237.65,309,285.7,10350.23,0
13490,280,1,154.25,280,25.0,0.0,1
13491,15,17,3251.84,358,85.05882352941177,1314.72,0
13495,6,5,2818.44,358,327.2,2555.82,0
13497,138,4,818.78,295,90.5,501.55,0
13498,356,1,327.38,356,362.0,0.0,1
13500,27,1,299.53,27,229.0,1166.77,0
13501,112,2,1544.79,196,346.5,1340.32,0
13502,41,2,488.5,174,113.0,292.0,0
13503,105,5,1688.54,287,174.0,216.85,0
13506,21,3,879.5600000000001,86,206.0,759.64,0
13508,268,1,176.07999999999998,268,156.0,110.97,0
13509,133,1,135.0,133,108.0,979.72,0
13510,1,7,2766.73,344,236.85714285714286,1791.56,0
13511,302,1,282.76,302,60.0,0.0,1
13512,13,3,462.18,209,92.0,251.21,0
13513,67,2,619.49,281,127.5,205.1,0
13514,54,3,663.7,308,82.66666666666667,152.20000000000002,0
13515,75,2,374.7,270,69.0,891.12,0
13516,43,1,295.85,43,129.0,1389.41,0
13519,68,1,220.46,68,110.0,122.75,0
13520,28,5,2981.65,348,306.0,3927.75,0
13523,28,1,569.69,28,237.0,4531.83,0
13526,364,2,1182.0,364,955.5,0.0,1
13527,44,5,2396.23,313,214.0,2287.51,0
13530,260,1,402.97999999999996,260,272.0,0.0,1
13531,124,4,949.27,362,80.75,789.25,0
13534,5,10,1850.82,146,90.8,5870.08,0
13535,28,1,89.5,28,10.0,0.0,1
13537,51,2,717.85,77,168.5,0.0,1
13538,22,5,1831.88,301,157.6,1280.85,0
13539,46,4,938.02,216,97.5,631.34,0
13540,93,3,632.39,281,63.0,0.0,1
13541,53,2,785.25,196,139.5,0.0,1
13542,2,17,4006.17,354,47.94117647058823,0.0,1
13543,260,2,1439.6100000000001,313,164.5,0.0,1
13544,37,4,537.59,270,57.75,291.41,0
13545,16,2,374.64,170,128.5,0.0,1
13546,8,2,465.15,50,115.0,626.99,0
13547,34,1,175.53,34,82.0,0.0,1
13548,97,1,226.57999999999998,97,124.0,682.41,0
13549,13,1,87.6,13,96.0,918.2,0
13550,9,1,349.51,9,454.0,0.0,1
13551,292,1,152.39999999999998,292,24.0,91.80000000000001,0
13552,54,10,3238.85,284,123.7,3740.07,0
13553,300,1,517.8,300,206.0,0.0,1
13554,6,7,1638.28,72,83.0,0.0,1
13555,4,9,4849.91,315,240.77777777777777,4149.28,0
13556,55,2,200.82,61,67.0,0.0,1
13557,41,11,2448.2,357,168.36363636363637,584.06,0
13559,138,2,990.0,169,180.0,0.0,1
13561,23,10,1678.86,275,105.3,141.85999999999999,0
13562,27,5,3038.85,320,169.2,1799.33,0
13564,14,34,14960.53,363,245.11764705882354,2289.02,0
13565,37,1,174.57999999999998,37,88.0,240.22,0
13566,60,3,833.41,265,230.33333333333334,874.71,0
13567,54,4,1083.69,167,161.25,0.0,1
13569,7,2,401.71,54,97.0,492.07,0
13571,8,14,2454.2200000000003,357,102.71428571428571,2092.32,0
13573,5,4,622.07,263,89.25,294.4,0
13574,37,1,421.25,37,316.0,0.0,1
13576,18,10,4485.25,357,186.0,7066.49,0
13577,8,7,1801.68,351,124.28571428571429,1687.6000000000001,0
13578,35,1,147.66,35,127.0,0.0,1
13579,27,3,907.3000000000001,285,180.66666666666666,631.74,0
13580,32,1,107.75,32,45.0,0.0,1
13581,40,1,162.53,40,89.0,118.0,0
13582,15,2,241.68,243,53.0,0.0,1
13583,305,1,664.001,305,372.0,781.03,0
13584,124,2,250.05,301,163.0,142.4,0
13585,156,3,684.54,364,462.0,0.0,1
13586,167,1,131.53,167,39.0,0.0,1
13587,75,3,961.1,289,161.33333333333334,712.4,0
13589,75,4,741.09,359,44.75,379.65,0
13590,1,12,4367.67,364,285.6666666666667,1981.92,0
13591,61,4,976.8100000000001,351,91.25,1117.13,0
13593,13,9,3486.61,273,162.11111111111111,2037.0800000000002,0
13594,111,1,136.35000000000002,111,37.0,396.97,0
13595,142,3,818.22,272,117.66666666666667,0.0,1
13597,26,2,396.71,28,115.5,0.0,1
13598,121,4,609.42,277,85.75,180.17000000000002,0
13599,21,12,4661.12,364,246.25,5506.51,0
13600,260,1,298.9,260,275.0,219.52,0
13601,18,2,491.82,172,212.0,693.32,0
13602,7,3,596.28,186,90.33333333333333,428.89,0
13604,284,1,717.62,284,242.0,0.0,1
13605,13,2,522.67,197,212.5,0.0,1
13607,28,1,400.3,28,178.0,678.01,0
13608,166,1,236.2,166,113.0,0.0,1
13609,219,1,167.35,219,19.0,0.0,1
13610,13,7,1044.0,329,56.142857142857146,1131.88,0
13611,0,7,2147.73,362,176.57142857142858,1171.8,0
13612,258,1,818.29,258,444.0,0.0,1
13613,78,5,1039.8500000000001,286,89.0,0.0,1
13614,19,2,748.73,177,129.0,1610.46,0
13615,25,7,5854.84,306,388.7142857142857,417.69,0
13616,194,2,288.1,317,87.5,0.0,1
13617,34,5,734.57,121,58.6,544.18,0
13619,170,2,231.69,300,42.0,0.0,1
13620,154,1,112.34,154,74.0,0.0,1
13622,322,1,658.95,322,379.0,0.0,1
13623,6,5,1818.71,363,145.8,747.78,0
13624,14,1,462.08,14,820.0,0.0,1
13625,222,1,301.26,222,144.0,0.0,1
13626,5,1,449.81,5,189.0,257.23,0
13627,114,2,607.43,266,181.5,1638.47,0
13628,302,1,310.14,302,106.0,0.0,1
13629,39,8,5578.5,292,418.75,7792.36,0
13632,20,3,1526.88,237,200.66666666666666,2121.27,0
13634,0,11,3498.31,324,126.54545454545455,1575.16,0
13635,68,3,1928.1299999999999,364,402.3333333333333,1071.03,0
13639,62,1,312.93,62,197.0,1033.34,0
13640,237,1,405.0,237,108.0,0.0,1
13641,266,5,1016.47,360,219.6,0.0,1
13642,58,3,159.92,58,26.666666666666668,354.8,0
13643,8,7,1637.33,357,89.85714285714286,519.44,0
13646,25,2,326.25,25,39.5,0.0,1
13647,120,4,1393.56,229,227.0,1678.1200000000001,0
13648,26,8,1764.02,364,120.0,0.0,1
13649,23,4,1134.48,153,164.25,544.4,0
13650,0,4,1451.66,308,206.0,1836.34,0
13651,7,1,132.65,7,29.0,94.2,0
13652,54,2,1166.97,278,440.0,1403.88,0
13653,113,1,152.2,113,72.0,0.0,1
13654,6,5,3600.67,363,516.0,2707.33,0
13655,0,4,1347.54,217,155.0,932.97,0
13656,125,2,699.2,221,186.0,379.65,0
13658,9,4,3386.33,298,288.0,2639.17,0
13659,42,10,3321.68,286,164.5,1573.2,0
13660,26,1,314.59,26,137.0,0.0,1
13661,229,1,325.24,229,118.0,0.0,1
13662,11,8,1352.35,284,79.5,897.76,0
13663,6,4,1858.04,272,200.5,189.47,0
13665,12,3,1711.6599999999999,130,550.6666666666666,0.0,1
13666,46,2,43.25,361,6.5,84.65,0
13668,9,14,6726.35,354,170.78571428571428,6363.59,0
13669,33,1,195.0,33,156.0,218.55,0
13671,20,1,194.95,20,107.0,0.0,1
13672,356,1,233.53000000000003,356,81.0,186.39000000000001,0
13674,58,1,240.68,58,102.0,0.0,1
13676,165,2,243.9,245,52.0,0.0,1
13677,30,2,556.1899999999999,146,109.0,0.0,1
13679,119,3,281.26,361,34.0,0.0,1
13680,97,8,7713.25,361,414.5,3722.42,0
13683,83,1,258.6,83,180.0,0.0,1
13684,16,3,529.75,247,65.33333333333333,67.23,0
13686,6,2,337.04,27,154.0,72.0,0
13687,64,1,11880.84,64,87167.0,0.0,1
13688,261,1,375.5,261,130.0,0.0,1
13689,70,1,349.5,70,210.0,910.0,0
13691,22,1,212.78,22,145.0,0.0,1
13692,34,2,1626.08,46,437.5,1488.32,0
13693,0,9,2011.82,358,97.77777777777777,0.0,1
13694,6,93,130601.06999999999,361,1342.8924731182797,65881.74,0
13695,203,1,266.6,203,188.0,2504.13,0
13696,47,3,2020.4,292,184.0,0.0,1
13698,222,2,465.53000000000003,307,115.5,0.0,1
13699,176,1,455.57,176,153.0,308.58000000000004,0
13700,43,3,348.34,296,168.33333333333334,2265.12,0
13701,72,1,161.0,72,80.0,0.0,1
13702,71,1,135.18,71,74.0,0.0,1
13703,41,1,326.06,41,118.0,99.5,0
13705,68,4,1005.33,250,135.75,1030.0,0
13706,252,1,300.38,252,112.0,330.79,0
13707,55,3,2559.45,162,619.6666666666666,806.41,0
13709,72,5,1263.7,323,122.8,6328.05,0
13710,49,2,329.04,238,80.0,180.48,0
13711,32,7,1540.2,350,97.0,252.06,0
13712,236,1,537.58,236,776.0,228.84,0
13713,34,3,743.26,209,95.33333333333333,0.0,1
13714,91,1,161.35,91,50.0,0.0,1
13715,21,12,7131.3,264,355.3333333333333,1351.99,0
13717,83,2,318.29,111,92.5,1445.01,0
13719,19,6,1773.57,197,165.0,1041.68,0
13721,21,1,217.39999999999998,21,196.0,524.14,0
13722,46,7,3260.0,272,236.85714285714286,2375.41,0
13723,18,5,1009.35,237,117.2,199.85000000000002,0
13724,263,1,213.01,263,130.0,0.0,1
13727,237,6,746.57,356,34.666666666666664,333.48,0
13728,13,10,1839.03,356,81.1,1016.14,0
13729,61,3,724.73,310,139.66666666666666,0.0,1
13733,36,2,487.03000000000003,361,167.5,0.0,1
13734,134,4,6701.640000000001,228,75.75,0.0,1
13735,2,9,6927.9800000000005,352,336.44444444444446,2885.2400000000002,0
13736,51,5,2034.31,359,211.0,731.9,0
13738,22,1,440.93,22,240.0,0.0,1
13739,153,1,75.3,153,22.0,216.9,0
13740,41,4,1247.02,363,141.5,350.75,0
13745,172,1,477.32,172,650.0,300.04,0
13746,39,1,176.69,39,83.0,0.0,1
13747,50,1,90.19999999999999,50,52.0,159.2,0
13748,8,4,1116.1,364,147.25,1152.25,0
13750,6,6,1954.92,243,142.33333333333334,1647.26,0
13752,153,1,404.45000000000005,153,131.0,1186.28,0
13753,224,3,1353.31,362,312.6666666666667,741.26,0
13754,63,1,164.45000000000002,63,101.0,282.59999999999997,0
13756,11,9,3485.1800000000003,350,218.33333333333334,5722.320000000001,0
13757,300,1,195.55,300,54.0,0.0,1
13758,2,8,5507.58,364,352.875,3909.4,0
13760,30,3,1076.85,219,142.0,286.79,0
13761,128,4,881.52,282,109.25,1070.65,0
13762,219,4,2165.76,324,584.0,306.72,0
13763,43,2,3502.48,61,1248.0,1714.96,0
13764,195,3,1431.5,268,389.0,1521.76,0
13765,279,1,352.821,279,297.0,0.0,1
13766,121,1,190.35,121,137.0,0.0,1
13767,0,36,16683.21,364,202.02777777777777,18857.32,0
13768,352,2,875.97,356,186.5,0.0,1
13769,36,10,2681.61,349,128.9,3118.81,0
13770,48,4,785.37,356,117.0,0.0,1
13771,159,5,3094.37,278,332.6,2634.45,0
13772,26,5,1982.09,280,182.0,1132.13,0
13773,22,2,301.54,285,87.0,0.0,1
13775,216,1,1049.66,216,455.0,0.0,1
13776,54,2,623.98,54,1.0,0.0,1
13777,20,28,23661.1,363,367.60714285714283,32817.32,0
13778,117,3,945.79,191,147.0,178.7,0
13779,141,1,161.13,141,53.0,0.0,1
13780,32,1,375.81,32,163.0,360.01,0
13781,218,2,650.99,347,135.0,127.84,0
13782,79,7,881.72,359,39.714285714285715,912.0,0
13783,113,4,1542.09,299,859.25,0.0,1
13784,60,3,447.44,76,111.33333333333333,2462.79,0
13785,54,4,542.49,86,37.75,0.0,1
13786,9,5,2898.14,362,276.0,460.79999999999995,0
13787,84,4,913.46,320,165.25,309.04,0
13788,131,1,3.75,131,1.0,0.0,1
13789,14,1,239.45999999999998,14,258.0,0.0,1
13792,48,1,188.4,48,64.0,195.55,0
13793,272,1,96.0,272,52.0,0.0,1
13794,172,1,126.03,172,63.0,0.0,1
13795,14,4,836.3,263,312.5,0.0,1
13796,125,1,289.7,125,218.0,0.0,1
13797,62,3,1179.45,273,191.0,0.0,1
13798,1,53,38275.02,357,457.33962264150944,37561.85,0
13799,70,7,2114.71,270,162.42857142857142,688.86,0
13800,56,2,1121.24,362,280.0,558.32,0
13802,0,16,21659.69,287,722.3125,4599.42,0
13803,57,2,1061.84,244,355.0,277.07,0
13804,61,2,572.73,62,167.5,2635.79,0
13807,200,2,309.6,361,40.0,225.2,0
13809,20,2,524.65,86,126.0,155.05,0
13813,153,4,1398.61,359,185.0,1366.8600000000001,0
13814,153,1,678.2,153,350.0,1579.12,0
13815,32,4,3448.38,291,705.25,4027.36,0
13818,55,1,61.28,55,60.0,0.0,1
13819,295,3,1502.0,364,400.0,1140.35,0
13820,44,3,660.65,306,95.66666666666667,0.0,1
13821,19,4,1025.09,330,82.5,385.64,0
13823,6,5,2445.79,350,225.0,957.66,0
13824,5,7,1615.82,263,96.28571428571429,1698.94,0
13825,247,2,255.59,356,91.0,0.0,1
13829,47,1,102.0,47,12.0,0.0,1
13830,207,1,156.85000000000002,207,47.0,0.0,1
13831,47,12,4412.59,355,137.66666666666666,2610.99,0
13832,48,1,561.49,48,394.0,52.199999999999996,0
13833,30,1,316.56,30,126.0,384.8,0
13834,202,2,324.19,295,110.5,0.0,1
13835,145,3,260.7,271,26.0,834.57,0
13836,25,2,620.37,40,136.5,0.0,1
13838,51,6,1036.25,205,74.66666666666667,929.84,0
13839,112,1,139.95000000000002,112,25.0,0.0,1
13840,42,1,651.4,42,358.0,0.0,1
13842,41,9,1933.72,287,105.33333333333333,3696.19,0
13843,7,1,319.75,7,145.0,0.0,1
13846,25,1,442.73,25,317.0,865.0600000000001,0
13847,345,1,310.72,345,96.0,0.0,1
13848,32,5,1760.0,356,1100.0,1575.0,0
13849,23,3,1931.35,250,289.0,1537.95,0
13851,5,5,1955.0,305,164.0,2651.46,0
13852,236,1,187.35000000000002,236,85.0,0.0,1
13854,6,14,3835.04,326,96.14285714285714,8418.92,0
13855,126,4,1310.3400000000001,357,143.75,0.0,1
13856,89,8,753.53,245,76.375,388.5,0
13857,19,6,1001.01,197,130.33333333333334,0.0,1
13859,155,1,314.7,155,38.0,201.16,0
13861,55,2,273.26,156,112.5,0.0,1
13862,15,1,346.73,15,239.0,2209.36,0
13863,91,3,933.77,219,109.66666666666667,305.78,0
13864,12,1,662.4000000000001,12,192.0,0.0,1
13869,7,6,5006.62,317,439.5,3104.95,0
13870,13,7,2941.14,295,303.42857142857144,2770.94,0
13871,54,4,1482.6,345,174.0,6403.25,0
13872,153,3,919.57,351,113.0,0.0,1
13873,9,5,649.32,272,66.4,389.6,0
13874,130,6,1508.7,299,114.0,540.45,0
13875,13,9,3027.58,348,195.11111111111111,1786.79,0
13877,96,2,332.44,315,185.0,117.24,0
13878,173,3,1191.53,230,161.33333333333334,1281.53,0
13879,271,1,395.5,271,204.0,0.0,1
13880,34,4,1074.09,188,173.25,3317.57,0
13881,1,23,28019.58,271,854.0,17159.52,0
13883,29,10,3885.54,357,214.8,2674.48,0
13884,2,5,1100.88,95,99.4,787.6,0
13888,30,5,1563.42,201,129.0,605.63,0
13889,8,5,1574.3300000000002,312,166.6,416.90000000000003,0
13890,0,4,1043.57,359,140.25,1883.8100000000002,0
13891,4,3,863.5600000000001,208,159.66666666666666,0.0,1
13892,103,2,634.68,201,1071.0,632.97,0
13895,141,2,1415.45,362,347.5,2593.07,0
13896,251,1,388.55,251,149.0,0.0,1
13897,64,2,849.56,303,310.0,311.16,0
13898,37,1,530.47,37,411.0,155.93,0
13900,15,3,869.64,250,169.33333333333334,740.95,0
13901,0,10,2809.14,329,160.5,2867.2,0
13902,258,5,34095.26,350,44120.0,0.0,1
13903,26,1,165.45000000000002,26,103.0,0.0,1
13905,358,1,312.65,358,135.0,0.0,1
13906,35,1,42.0,35,100.0,0.0,1
13907,317,1,136.8,317,68.0,0.0,1
13909,49,2,286.6,147,151.0,0.0,1
13911,5,11,1654.08,274,159.63636363636363,2580.91,0
13912,49,1,124.95,49,29.0,0.0,1
13913,132,1,42.22,132,10.0,0.0,1
13915,20,1,70.80000000000001,20,24.0,0.0,1
13916,89,4,1275.81,301,168.25,0.0,1
13919,50,2,975.87,166,329.5,384.81,0
13920,57,4,1774.68,188,443.0,0.0,1
13921,28,4,730.7,347,52.5,0.0,1
13922,63,2,692.95,93,187.0,172.25,0
13927,63,1,359.27,63,249.0,348.99,0
13929,42,9,2651.45,320,158.11111111111111,842.65,0
13931,18,9,4019.85,362,307.0,1237.53,0
13935,222,3,6116.92,278,750.6666666666666,0.0,1
13936,8,2,563.08,40,165.5,376.58,0
13937,28,1,721.28,28,464.0,158.85,0
13939,57,4,992.41,238,190.25,568.55,0
13941,20,10,4914.22,349,241.8,6208.08,0
13942,160,1,320.0,160,1000.0,0.0,1
13943,203,1,246.54,203,94.0,0.0,1
13944,279,1,200.43,279,153.0,0.0,1
13945,20,2,854.15,105,206.5,0.0,1
13946,2,3,1314.66,361,801.3333333333334,561.5699999999999,0
13948,37,3,446.76,361,69.33333333333333,102.0,0
13952,6,12,9572.45,349,376.3333333333333,3251.071,0
13953,35,5,3125.0,354,500.0,3515.68,0
13955,1,1,222.21,1,120.0,322.96,0
13957,43,3,458.25,284,52.333333333333336,0.0,1
13958,5,8,4709.2300000000005,360,283.0,0.0,1
13959,25,3,477.98,137,114.33333333333333,598.2,0
13961,18,1,538.4,18,226.0,0.0,1
13962,61,1,193.25,61,73.0,169.55,0
13963,14,13,2196.03,223,119.0,815.84,0
13964,13,2,438.9,56,114.0,0.0,1
13965,102,3,996.61,329,141.66666666666666,0.0,1
13966,61,1,390.86,61,772.0,0.0,1
13967,22,1,85.6,22,24.0,80.7,0
13968,49,1,123.66,49,174.0,0.0,1
13969,11,17,3994.34,250,126.0,9371.53,0
13970,12,2,846.55,63,234.5,0.0,1
13971,49,6,1909.31,308,206.66666666666666,2758.26,0
13974,208,1,264.13,208,107.0,413.59000000000003,0
13975,19,6,2832.56,301,367.0,2526.28,0
13976,132,3,834.38,294,99.33333333333333,357.98,0
13977,37,1,519.8100000000001,37,303.0,0.0,1
13979,19,6,2546.36,362,276.1666666666667,869.87,0
13980,65,4,599.78,282,76.25,200.14,0
13981,41,1,331.14,41,234.0,0.0,1
13982,125,5,2145.18,314,278.4,2300.41,0
13983,28,9,4175.66,356,306.0,2932.79,0
13984,12,7,973.29,358,88.85714285714286,1075.31,0
13985,0,7,2960.73,294,213.0,7060.13,0
13987,5,2,682.54,26,246.0,0.0,1
13988,9,2,609.84,251,170.5,4147.96,0
13989,90,3,759.98,189,298.0,1266.08,0
13992,6,2,142.7,89,45.0,76.8,0
13993,5,10,3309.35,362,123.5,3466.36,0
13995,5,9,2508.32,347,164.44444444444446,1393.69,0
13996,12,2,895.76,25,306.5,0.0,1
13997,145,3,382.31,176,48.666666666666664,0.0,1
13998,72,3,566.7,202,68.0,0.0,1
13999,0,17,5600.45,360,164.7058823529412,3901.81,0
14000,40,4,1410.68,363,282.0,635.66,0
14001,25,6,2185.77,119,136.16666666666666,2344.32,0
14003,358,1,209.41,358,149.0,0.0,1
14004,19,4,1675.81,61,189.25,4582.64,0
14006,154,4,1234.48,278,385.0,962.19,0
14007,138,1,79.48,138,16.0,0.0,1
14008,58,1,509.04,58,326.0,0.0,1
14009,88,1,404.3,88,586.0,695.61,0
14010,191,2,445.15,191,88.5,0.0,1
14011,106,2,457.82,233,322.0,0.0,1
14013,6,2,611.5500000000001,249,156.5,473.02,0
14014,2,2,1443.03,202,464.0,505.18,0
14016,22,7,7062.2,326,513.8571428571429,4341.21,0
14017,197,1,229.75,197,73.0,0.0,1
14018,271,1,367.15000000000003,271,224.0,0.0,1
14020,102,2,606.21,155,103.5,642.8,0
14021,0,4,1084.68,218,171.5,631.9,0
14022,112,1,352.15000000000003,112,194.0,440.0,0
14024,16,1,318.04,16,88.0,327.7,0
14025,90,8,4057.9,209,239.25,0.0,1
14026,96,2,713.11,251,213.5,0.0,1
14028,176,3,10396.5,176,2390.0,0.0,1
14030,2,12,5225.7,355,231.16666666666666,3036.59,0
14031,4,25,21812.24,362,321.36,19186.93,0
14032,12,5,1570.82,351,341.6,3279.45,0
14033,181,1,109.44,181,576.0,0.0,1
14035,32,4,1428.7,238,170.0,1428.02,0
14037,104,4,689.75,358,136.0,147.20000000000002,0
14038,23,2,1509.5,299,371.5,1560.38,0
14039,201,1,115.08000000000001,201,100.0,152.2,0
14040,12,23,9030.65,364,151.7391304347826,3614.92,0
14042,351,1,431.98,351,180.0,0.0,1
14043,117,2,304.25,355,76.5,0.0,1
14044,44,6,2470.28,310,303.0,652.82,0
14045,6,12,9326.88,326,327.0,1986.1499999999999,0
14047,25,9,2659.5,302,128.88888888888889,1595.53,0
14048,8,2,338.76,8,89.5,409.93,0
14049,13,9,7557.3099999999995,243,526.5555555555555,5681.72,0
14051,7,14,6200.1900000000005,362,141.21428571428572,16233.810000000001,0
14052,16,1,255.45,16,98.0,225.36,0
14053,23,2,312.05,112,137.5,260.25,0
14055,203,2,795.3199999999999,349,252.0,725.6400000000001,0
14057,7,5,2190.88,362,321.8,6217.96,0
14058,88,2,469.19,156,105.5,0.0,1
14060,6,11,2757.82,264,184.8181818181818,6761.26,0
14061,133,3,917.4300000000001,364,44.333333333333336,0.0,1
14062,0,12,15139.35,355,600.5,10464.85,0
14063,64,9,22710.2,357,427.77777777777777,0.0,1
14064,56,10,1978.68,313,218.9,1353.74,0
14065,15,3,891.02,57,194.0,0.0,1
14068,229,3,1262.52,303,146.66666666666666,265.85,0
14069,140,2,230.06,187,29.5,0.0,1
14070,310,1,326.55,310,86.0,0.0,1
14072,292,1,390.85,292,65.0,0.0,1
14074,249,1,219.39999999999998,249,228.0,0.0,1
14075,29,3,792.61,167,246.66666666666666,942.26,0
14077,21,1,115.66,21,108.0,499.41999999999996,0
14078,100,3,507.02,247,93.0,1185.61,0
14079,308,1,243.63,308,1.0,375.1,0
14080,39,4,1070.08,363,55.0,45.599999999999994,0
14081,32,8,4012.06,355,358.0,1358.04,0
14082,18,1,231.10999999999999,18,136.0,182.25,0
14083,137,2,79.28999999999999,347,27.5,1327.97,0
14084,138,1,150.5,138,306.0,0.0,1
14085,0,15,5348.38,357,218.26666666666668,4756.59,0
14086,88,1,39.95,88,1.0,0.0,1
14087,30,2,651.8,361,238.0,194.42,0
14088,32,3,13544.99,46,870.3333333333334,50491.81,0
14091,280,2,9530.08,324,1658.0,0.0,1
14092,0,10,3152.54,349,154.0,4076.91,0
14094,65,1,335.22,65,177.0,0.0,1
14095,348,1,2.95,348,1.0,0.0,1
14097,107,2,422.85999999999996,271,176.0,0.0,1
14099,1,9,2661.54,355,165.66666666666666,3104.17,0
14101,14,7,3985.14,247,514.2857142857143,5976.79,0
14104,15,3,555.37,186,145.66666666666666,216.20999999999998,0
14105,34,4,4722.6,347,683.5,1266.23,0
14106,363,1,214.79999999999998,363,24.0,0.0,1
14107,74,4,2174.07,356,424.0,2703.23,0
14108,357,2,447.05,364,139.5,597.91,0
14110,61,21,7304.8,364,160.95238095238096,5683.15,0
14112,77,6,2919.44,280,314.6666666666667,2915.15,0
14113,1,12,5252.1900000000005,357,224.5,1840.42,0
14114,21,5,977.5600000000001,232,109.8,386.53,0
14115,127,2,622.6700000000001,292,254.5,0.0,1
14118,54,1,458.45,54,97.0,0.0,1
14119,1,2,183.37,344,88.5,0.0,1
14122,32,3,362.42,363,38.0,0.0,1
14123,359,1,436.18,359,234.0,0.0,1
14126,70,1,466.33000000000004,70,379.0,706.1300000000001,0
14127,6,3,1190.3700000000001,51,169.0,709.71,0
14128,177,1,286.71,177,250.0,637.5,0
14129,25,4,1467.48,205,205.5,1123.8600000000001,0
14130,1,3,1398.81,354,327.0,483.86,0
14131,274,1,187.87,274,118.0,0.0,1
14133,359,1,305.5,359,50.0,605.64,0
14134,8,15,11123.35,355,387.6,0.0,1
14135,4,9,4149.36,363,520.4444444444445,5494.56,0
14136,26,5,1570.81,357,229.6,0.0,1
14137,321,1,332.7,321,462.0,0.0,1
14139,116,3,670.98,168,179.66666666666666,415.82,0
14142,272,1,359.53000000000003,272,205.0,623.62,0
14144,112,1,30.599999999999998,112,12.0,0.0,1
14145,85,3,3857.85,236,299.6666666666667,3742.2,0
14146,9,7,5259.3,321,477.57142857142856,4191.0,0
14147,14,7,2106.8,266,126.71428571428571,483.4,0
14148,40,1,309.09000000000003,40,207.0,157.2,0
14151,299,2,679.45,342,202.5,0.0,1
14152,13,5,1376.05,285,226.6,621.29,0
14153,109,1,233.4,109,312.0,0.0,1
14154,7,6,5115.08,321,459.5,1345.62,0
14156,4,101,196244.54,364,1055.039603960396,117701.83,0
14157,15,3,569.9,272,85.33333333333333,432.88,0
14159,5,9,3245.0,362,242.77777777777777,4693.01,0
14160,236,7,8421.47,324,665.8571428571429,0.0,1
14161,65,4,1925.21,352,260.0,1393.67,0
14163,88,1,148.71,88,57.0,2445.91,0
14166,130,2,256.85,252,42.0,0.0,1
14167,90,4,721.65,307,50.0,574.84,0
14168,46,2,370.45,190,73.5,0.0,1
14169,56,2,624.4300000000001,70,104.0,0.0,1
14170,1,3,597.33,21,96.66666666666667,0.0,1
14171,356,1,135.0,356,44.0,363.79,0
14172,231,3,402.72,268,29.333333333333332,0.0,1
14173,267,2,135.16,356,22.0,450.84,0
14175,44,5,4456.58,253,298.8,3222.3,0
14176,7,1,179.56,7,56.0,736.45,0
14177,7,9,1669.93,277,93.66666666666667,559.41,0
14180,9,8,1368.98,174,16.0,4950.27,0
14181,36,2,310.55,188,61.0,0.0,1
14182,69,4,678.77,222,43.5,0.0,1
14183,37,2,286.29,107,30.5,0.0,1
14186,53,5,1550.63,270,310.0,0.0,1
14187,99,1,123.5,99,50.0,0.0,1
14189,14,1,849.0699999999999,14,455.0,4965.32,0
14190,292,1,79.9,292,2.0,0.0,1
14191,20,2,132.9,354,31.0,4684.76,0
14192,14,1,293.74,14,218.0,0.0,1
14193,22,1,356.8,22,208.0,853.39,0
14194,18,15,7321.07,328,279.8,11349.52,0
14195,65,4,1603.6,260,346.0,1012.0,0
14197,36,1,390.05,36,143.0,0.0,1
14198,26,5,868.33,329,66.6,701.4,0
14199,49,3,906.3,156,75.33333333333333,185.39999999999998,0
14200,243,1,379.2,243,140.0,0.0,1
14201,35,3,446.1,214,72.0,747.44,0
14202,7,3,847.76,250,55.333333333333336,0.0,1
14203,23,1,339.34,23,80.0,0.0,1
14204,48,3,901.9300000000001,363,136.66666666666666,161.03,0
14205,20,7,1947.5,268,162.57142857142858,466.7,0
14206,14,2,856.85,28,327.0,328.15999999999997,0
14207,313,1,157.8,313,36.0,0.0,1
14208,177,1,415.31,177,415.0,151.74,0
14209,11,9,2919.84,312,116.44444444444444,2073.43,0
14210,62,10,3650.73,328,175.1,2210.79,0
14211,37,9,2161.19,356,148.11111111111111,2241.1,0
14212,71,1,1119.6599999999999,71,894.0,1070.48,0
14213,30,1,1192.2,30,244.0,0.0,1
14215,96,3,1460.61,357,274.3333333333333,1955.72,0
14216,40,1,310.74,40,118.0,1839.3,0
14217,2,6,1293.61,153,90.16666666666667,2123.28,0
14219,35,2,543.89,119,142.5,89.94,0
14220,193,2,882.5999999999999,195,98.0,632.4,0
14221,75,8,3084.69,238,202.125,3432.8,0
14224,16,5,847.78,170,69.8,1050.12,0
14225,60,4,2037.02,322,292.0,0.0,1
14226,67,1,770.34,67,418.0,2232.19,0
14227,40,5,3017.75,295,445.6,3350.96,0
14228,63,3,745.5,172,86.66666666666667,0.0,1
14229,29,4,1046.84,97,81.0,1547.2,0
14230,61,3,979.8000000000001,174,82.0,0.0,1
14231,76,1,309.91,76,201.0,925.71,0
14233,91,3,1441.55,270,193.66666666666666,1462.72,0
14235,124,4,1573.1299999999999,245,263.75,3144.86,0
14236,57,3,1064.48,131,154.66666666666666,680.16,0
14237,216,1,310.14,216,200.0,322.0,0
14238,288,2,287.38,360,39.0,146.85,0
14239,57,10,1882.3200000000002,360,73.6,2380.85,0
14240,49,1,357.15,49,237.0,890.34,0
14241,322,1,120.0,322,96.0,213.70000000000002,0
14243,1,7,4628.9800000000005,102,344.2857142857143,2802.07,0
14244,286,1,366.41999999999996,286,814.0,0.0,1
14247,30,4,635.89,177,83.75,136.76999999999998,0
14248,85,2,730.37,141,295.0,302.58,0
14249,36,12,5625.461,305,207.25,0.0,1
14252,7,1,350.99,7,111.0,0.0,1
14253,119,2,363.40000000000003,249,44.0,0.0,1
14254,58,1,601.03,58,263.0,0.0,1
14255,172,1,1000.63,172,1.0,0.0,1
14256,117,3,1504.93,320,252.33333333333334,969.0600000000001,0
14257,6,4,2854.73,274,412.5,3099.7200000000003,0
14258,21,16,19381.36,361,649.25,12669.98,0
14260,97,3,824.28,174,181.33333333333334,0.0,1
14263,49,1,322.93,49,171.0,0.0,1
14264,5,4,1183.39,237,120.75,333.97,0
14265,90,2,843.17,238,192.5,530.18,0
14266,54,1,40.56,54,24.0,0.0,1
14268,96,1,354.85,96,147.0,0.0,1
14269,65,1,295.73,65,123.0,0.0,1
14271,35,1,106.81,35,61.0,112.32,0
14272,188,2,482.85,208,249.0,437.96,0
14274,312,1,256.6,312,178.0,0.0,1
14275,21,6,1189.3799999999999,233,89.66666666666667,0.0,1
14276,33,4,982.94,286,165.5,1119.74,0
14277,37,6,13009.61,352,14638.333333333334,4216.2,0
14278,35,1,205.83,35,131.0,0.0,1
14279,146,2,191.86,307,23.0,0.0,1
14281,34,1,245.15,34,45.0,0.0,1
14282,7,10,3549.32,288,251.0,4300.34,0
14283,89,4,628.4399999999999,195,137.5,0.0,1
14284,279,1,704.4,279,349.0,595.25,0
14285,139,4,1374.41,357,103.25,1910.01,0
14286,30,4,3851.0099999999998,361,1114.25,4628.75,0
14290,39,3,2201.91,357,228.33333333333334,2314.65,0
14291,6,12,4020.85,356,283.0833333333333,3883.25,0
14292,36,7,4354.32,256,252.28571428571428,4871.93,0
14293,9,5,1856.45,355,169.8,1411.48,0
14294,33,1,375.34,33,190.0,0.0,1
14295,64,4,2196.71,357,236.25,166.20000000000002,0
14296,47,2,456.40000000000003,200,157.0,0.0,1
14298,1,38,39667.19,354,1103.3947368421052,51527.3,0
14299,13,18,10104.63,363,332.6111111111111,4394.86,0
14301,42,3,1352.04,292,360.0,640.14,0
14302,56,3,742.9000000000001,363,99.33333333333333,0.0,1
14303,33,2,277.94,60,109.0,0.0,1
14304,5,2,1341.56,196,318.0,383.45,0
14306,4,4,1058.0800000000002,303,247.5,2093.32,0
14307,134,4,1292.2,358,189.5,3778.83,0
14308,175,2,1147.02,175,1.0,0.0,1
14309,39,2,1428.28,176,475.0,2352.53,0
14310,58,1,492.1,58,230.0,0.0,1
14311,193,1,206.19,193,89.0,310.26,0
14312,4,5,1478.7,130,178.4,1611.59,0
14314,56,1,109.80000000000001,56,36.0,120.0,0
14315,190,2,716.69,260,161.5,2481.13,0
14316,48,5,1370.34,256,898.8,0.0,1
14318,86,1,158.02,86,152.0,0.0,1
14319,50,1,494.85,50,329.0,0.0,1
14320,172,3,868.96,313,129.33333333333334,477.79,0
14321,57,2,687.3100000000001,99,434.5,1530.75,0
14322,55,4,474.1,285,39.5,0.0,1
14324,35,2,701.61,319,201.0,0.0,1
14325,195,1,245.48000000000002,195,320.0,0.0,1
14326,89,2,757.13,158,234.5,183.85,0
14327,8,5,1583.28,326,231.4,311.65,0
14328,64,1,445.05,64,1.0,0.0,1
14329,1,8,4912.38,349,353.25,5014.84,0
14330,249,1,200.63,249,103.0,0.0,1
14332,7,2,1077.2,42,206.0,866.31,0
14334,51,4,1766.27,194,313.75,2552.21,0
14338,162,1,339.88,162,287.0,588.22,0
14339,54,1,310.75,54,288.0,309.52,0
14341,46,10,2285.04,364,141.6,2182.28,0
14342,58,2,249.88,98,87.0,668.5600000000001,0
14343,47,4,1088.91,316,157.75,0.0,1
14344,1,12,2103.12,252,89.08333333333333,1230.5800000000002,0
14346,51,3,1294.17,123,424.3333333333333,1021.58,0
14347,362,1,82.6,362,48.0,0.0,1
14350,6,2,689.1,56,180.0,282.93,0
14353,36,2,285.9,57,140.0,90.6,0
14355,75,2,665.65,253,262.5,348.8,0
14358,15,2,400.06,54,169.0,0.0,1
14361,204,1,214.70999999999998,204,251.0,0.0,1
14363,28,2,227.47000000000003,77,52.5,0.0,1
14365,20,2,634.68,307,278.5,0.0,1
14366,151,1,136.0,151,16.0,0.0,1
14369,268,2,469.13,287,127.5,0.0,1
14370,76,6,1175.78,302,44.333333333333336,0.0,1
14372,69,2,860.08,225,189.0,0.0,1
14374,167,1,108.0,167,20.0,0.0,1
14375,76,2,875.31,167,232.5,257.68,0
14376,309,1,215.46,309,50.0,0.0,1
14378,247,1,131.25,247,57.0,0.0,1
14379,19,2,920.81,106,210.5,348.1,0
14380,308,1,48.96,308,1.0,0.0,1
14381,77,1,428.65999999999997,77,307.0,202.68,0
14382,16,1,620.73,16,464.0,626.0699999999999,0
14384,126,1,58.5,126,30.0,0.0,1
14388,12,8,3175.36,314,281.125,3525.64,0
14389,50,3,854.55,216,219.66666666666666,1043.46,0
14390,0,4,1523.31,51,175.0,4876.52,0
14391,202,1,135.6,202,168.0,0.0,1
14392,58,1,266.4,58,114.0,0.0,1
14394,190,1,93.8,190,58.0,0.0,1
14395,15,11,4391.62,226,200.45454545454547,3816.39,0
14396,121,5,1523.59,363,151.6,598.34,0
14398,27,2,707.79,153,133.5,0.0,1
14399,20,8,2113.16,300,121.0,0.0,1
14400,34,2,1157.77,257,626.0,574.7,0
14401,50,9,2744.42,351,210.44444444444446,4051.48,0
14402,278,1,285.6,278,240.0,0.0,1
14403,215,2,404.7,265,109.0,1475.81,0
14404,121,7,1291.31,345,108.57142857142857,1607.8,0
14405,12,1,195.0,12,100.0,0.0,1
14408,97,4,1503.2400000000002,358,207.0,2606.53,0
14409,6,3,1367.84,193,334.3333333333333,2388.25,0
14410,2,2,1546.07,63,403.0,1105.07,0
14412,50,1,656.16,50,642.0,770.03,0
14413,36,3,647.67,315,70.66666666666667,122.7,0
14414,0,1,902.35,0,365.0,1496.98,0
14415,5,10,6191.32,349,329.3,5900.28,0
14417,13,1,604.2,13,567.0,0.0,1
14419,8,1,202.85,8,69.0,1058.06,0
14420,22,3,1251.65,317,262.0,387.52,0
14421,138,4,1656.26,317,244.25,813.11,0
14422,0,13,6007.88,348,243.15384615384616,4263.64,0
14423,63,2,651.41,320,149.5,265.2,0
14425,60,3,661.39,363,108.33333333333333,0.0,1
14426,29,7,7246.27,271,617.7142857142857,4481.67,0
14427,120,2,900.1800000000001,257,155.0,363.34000000000003,0
14429,29,1,516.28,29,286.0,0.0,1
14430,137,3,1220.9,233,148.66666666666666,0.0,1
14431,5,3,2143.84,313,357.3333333333333,470.36,0
14433,91,1,289.6,91,134.0,0.0,1
14435,127,1,90.42,127,282.0,0.0,1
14436,179,1,182.64000000000001,179,168.0,89.06,0
14437,30,4,832.84,209,91.5,126.0,0
14439,69,4,6781.8,313,429.5,2661.24,0
14440,19,8,3624.35,363,127.125,3014.38,0
14441,0,7,2898.8,316,116.28571428571429,1712.89,0
14442,40,5,3777.2,316,189.8,1589.82,0
14443,5,1,662.77,5,419.0,1723.7,0
14444,82,1,132.04,82,180.0,0.0,1
14445,81,1,221.65,81,83.0,0.0,1
14446,12,1,201.73,12,183.0,1039.58,0
14447,26,1,548.5,26,342.0,1163.23,0
14449,28,4,1365.46,62,219.75,1117.34,0
14450,5,4,645.19,236,70.25,483.25,0
14451,15,10,2646.18,317,136.8,662.59,0
14452,21,2,401.15,147,85.0,264.44,0
14454,2,5,977.3,359,80.0,0.0,1
14455,58,4,628.21,121,179.75,0.0,1
14458,6,1,237.42,6,328.0,0.0,1
14459,277,1,3537.821,277,1543.0,1837.92,0
14460,22,6,659.16,350,166.33333333333334,434.34,0
14461,8,10,4610.44,316,226.1,2103.06,0
14462,58,1,265.99,58,108.0,2004.02,0
14463,125,1,256.95,125,31.0,529.62,0
14464,194,2,111.0,253,31.0,0.0,1
14465,54,8,2887.4100000000003,327,267.625,1058.6200000000001,0
14466,50,6,1994.75,352,250.16666666666666,2652.15,0
14467,15,8,1622.23,363,114.75,598.76,0
14468,359,1,204.24,359,164.0,0.0,1
14469,42,4,2112.21,305,245.0,0.0,1
14470,56,1,250.85,56,89.0,461.19,0
14471,217,2,400.95,358,93.5,0.0,1
14472,315,1,291.38,315,145.0,1936.84,0
14474,205,1,730.42,205,313.0,547.66,0
14475,34,1,225.3,34,94.0,925.85,0
14477,62,3,660.0,330,133.33333333333334,1309.6,0
14478,8,4,1276.66,364,306.5,0.0,1
14479,44,2,808.46,359,222.5,490.65000000000003,0
14480,28,3,1020.47,344,175.66666666666666,279.05,0
14481,33,3,1674.98,303,365.0,636.51,0
14482,5,6,2289.76,96,207.5,2068.15,0
14483,362,1,120.0,362,96.0,137.1,0
14484,27,3,749.0600000000001,348,178.0,321.92,0
14486,137,2,175.5,179,45.0,0.0,1
14487,5,1,132.18,5,65.0,1321.43,0
14489,63,3,1111.55,238,237.33333333333334,463.38,0
14490,32,2,1273.47,54,466.5,0.0,1
14492,56,7,1921.91,245,107.28571428571429,0.0,1
14493,16,5,2746.91,267,379.6,2383.2400000000002,0
14494,27,2,261.9,357,59.0,139.56,0
14495,285,1,51.0,285,6.0,123.8,0
14496,5,5,1825.08,259,149.2,843.15,0
14497,299,1,221.69,299,97.0,475.37,0
14498,27,5,1953.95,176,204.8,1957.32,0
14499,0,4,1323.65,95,187.25,815.32,0
14505,30,11,6096.2,356,238.54545454545453,5905.64,0
14506,28,2,1008.8000000000001,225,118.0,2281.87,0
14507,4,5,1901.25,355,187.2,1383.18,0
14508,2,3,598.52,166,76.0,276.42,0
14509,160,1,110.95,160,38.0,0.0,1
14510,1,3,1007.28,62,273.6666666666667,0.0,1
14512,9,5,948.19,358,124.0,275.28,0
14513,62,3,332.42,194,77.33333333333333,455.59000000000003,0
14514,62,6,3543.63,352,317.8333333333333,1055.35,0
14515,13,6,1647.17,176,130.5,2102.09,0
14516,142,1,163.92,142,68.0,0.0,1
14519,309,2,206.09,354,41.0,0.0,1
14521,117,1,199.45000000000002,117,211.0,0.0,1
14522,221,4,784.08,310,110.75,974.54,0
14524,35,4,1066.03,42,125.0,1867.68,0
14525,54,8,3908.44,352,317.375,4332.2,0
14526,15,1,262.4,15,179.0,0.0,1
14527,0,67,18766.15,363,68.13432835820896,9026.15,0
14530,22,10,3271.4900000000002,313,160.4,2925.91,0
14531,105,1,376.34,105,260.0,0.0,1
14532,37,7,2926.33,324,118.71428571428571,932.85,0
14533,33,4,1516.65,236,504.75,1949.72,0
14534,23,8,1824.06,260,101.125,4447.05,0
14535,21,6,3166.54,279,234.83333333333334,2864.19,0
14537,249,1,285.84000000000003,249,108.0,355.56,0
14538,156,3,982.59,309,43.0,388.25,0
14540,5,8,2799.08,358,149.75,996.26,0
14541,42,6,1038.03,327,80.33333333333333,1461.65,0
14543,6,23,11276.44,364,87.73913043478261,3630.33,0
14544,96,1,957.98,96,895.0,2024.45,0
14545,300,1,349.25,300,236.0,0.0,1
14546,2,6,2619.81,359,229.83333333333334,2578.09,0
14548,110,7,1974.69,359,109.28571428571429,652.8,0
14549,46,3,627.3100000000001,363,86.33333333333333,289.24,0
14550,14,2,587.69,109,191.0,765.62,0
14551,37,5,693.81,307,76.2,186.23,0
14552,6,2,346.21,218,85.0,165.07,0
14553,37,4,982.27,135,161.75,859.27,0
14555,7,4,1991.49,347,180.0,324.14,0
14556,222,3,835.34,314,110.33333333333333,0.0,1
14558,280,3,655.5,357,54.0,0.0,1
14559,16,1,75.6,16,72.0,0.0,1
14560,5,22,3876.2599999999998,363,150.9090909090909,2237.77,0
14562,16,8,1654.63,296,96.25,5074.77,0
14563,135,2,679.44,218,167.5,0.0,1
14564,60,2,2605.62,361,647.5,0.0,1
14565,99,1,760.1,99,400.0,3099.12,0
14566,43,3,2660.0,159,533.3333333333334,1432.0,0
14568,61,1,919.7,61,645.0,0.0,1
14569,78,3,371.59,229,59.666666666666664,227.39,0
14570,69,1,395.69,69,336.0,218.06,0
14571,51,1,161.65,51,57.0,0.0,1
14572,43,4,2782.34,247,376.25,2832.84,0
14573,170,4,554.9,326,39.25,2066.52,0
14574,358,1,143.70000000000002,358,63.0,0.0,1
14575,114,1,460.71,114,176.0,0.0,1
14577,20,3,514.54,354,73.33333333333333,859.71,0
14579,58,1,105.56,58,56.0,0.0,1
14580,144,1,14.850000000000001,144,3.0,0.0,1
14581,170,1,295.2,170,92.0,138.6,0
14583,9,3,728.48,247,121.0,1052.55,0
14584,47,4,705.65,286,145.0,1042.26,0
14585,8,4,986.22,42,134.75,157.05,0
14588,204,1,135.39,204,62.0,0.0,1
14590,50,20,3006.62,358,45.2,0.0,1
14593,23,9,3094.02,356,171.44444444444446,617.99,0
14595,79,2,423.85,314,125.0,1740.6,0
14596,252,1,229.47,252,79.0,0.0,1
14597,5,4,1318.3899999999999,63,217.5,883.15,0
14598,195,1,162.07,195,165.0,221.97,0
14599,16,2,474.54,135,147.5,0.0,1
14600,19,1,471.84000000000003,19,362.0,393.33000000000004,0
14602,282,1,205.35999999999999,282,80.0,0.0,1
14604,259,1,143.85999999999999,259,88.0,0.0,1
14605,0,4,937.16,357,106.0,0.0,1
14606,1,99,18097.53,362,92.46464646464646,12763.53,0
14607,93,8,7568.13,350,477.375,16569.5,0
14608,5,7,1567.79,359,70.0,1785.15,0
14609,16,6,884.64,294,949.0,601.56,0
14610,21,2,24.35,140,7.5,0.0,1
14611,69,2,604.3299999999999,224,291.0,0.0,1
14612,41,1,877.7,41,134.0,0.0,1
14613,306,1,76.32000000000001,306,72.0,0.0,1
14614,12,1,295.13,12,189.0,0.0,1
14615,20,5,951.76,174,99.0,0.0,1
14616,11,2,121.7,174,33.0,406.08000000000004,0
14617,28,2,190.47000000000003,41,40.5,0.0,1
14618,2,4,788.88,172,110.0,553.44,0
14619,167,1,896.8000000000001,167,442.0,394.44,0
14621,137,4,1212.21,309,178.25,1788.3600000000001,0
14623,6,5,1170.33,228,128.0,889.25,0
14624,41,4,588.22,230,120.75,225.85,0
14625,0,9,3598.25,349,202.22222222222223,899.63,0
14626,21,7,2619.65,355,247.42857142857142,2791.27,0
14627,5,1,462.75,5,284.0,0.0,1
14628,68,3,1326.04,309,291.6666666666667,671.96,0
14630,110,1,338.65,110,111.0,0.0,1
14631,12,3,1018.71,113,261.6666666666667,1006.98,0
14634,63,4,2124.46,167,476.5,0.0,1
14635,79,1,215.22,79,118.0,0.0,1
14637,303,1,106.67999999999999,303,100.0,0.0,1
14639,34,3,1994.47,287,326.3333333333333,2984.49,0
14640,35,4,1541.98,312,191.25,2125.08,0
14643,243,3,986.08,354,187.33333333333334,693.8100000000001,0
14644,40,5,1416.96,362,102.4,830.76,0
14645,260,1,279.8,260,206.0,597.09,0
14646,0,78,248396.5,363,2183.051282051282,280206.02,0
14647,149,1,276.75,149,85.0,243.22,0
14648,42,15,4546.86,355,221.73333333333332,0.0,1
14649,8,5,2358.02,314,289.2,1417.29,0
14650,214,1,62.5,214,22.0,0.0,1
14651,20,7,1379.52,257,77.42857142857143,654.6,0
14653,139,5,1666.99,363,205.2,1947.55,0
14654,364,1,246.86,364,273.0,0.0,1
14655,14,3,1946.28,222,417.3333333333333,1932.23,0
14656,41,3,523.6,229,66.0,291.05,0
14657,55,2,612.65,60,209.5,848.22,0
14662,53,3,645.16,362,111.0,771.17,0
14663,56,2,490.6,56,198.5,0.0,1
14665,53,2,913.95,218,202.0,1835.7,0
14667,6,29,11488.23,363,236.51724137931035,10438.91,0
14668,71,1,111.63,71,49.0,0.0,1
14669,259,4,1973.94,363,319.75,1269.99,0
14670,358,1,190.47,358,97.0,411.53,0
14671,175,2,1127.45,194,285.5,0.0,1
14672,141,2,347.59,306,96.0,765.55,0
14673,6,2,1300.92,35,409.0,2109.89,0
14674,135,1,173.66,135,103.0,0.0,1
14675,14,1,462.15,14,385.0,604.75,0
14676,20,6,5808.55,265,1048.6666666666667,2548.2400000000002,0
14677,218,1,184.91,218,139.0,0.0,1
14678,205,1,403.39,205,179.0,0.0,1
14679,7,3,1289.44,357,264.6666666666667,0.0,1
14680,5,42,26977.78,361,319.6190476190476,30434.99,0
14681,13,3,376.20000000000005,279,32.0,498.95,0
14682,54,4,1462.81,298,217.25,52.0,0
14683,214,1,146.56,214,386.0,0.0,1
14684,16,1,232.27,16,186.0,1236.28,0
14685,202,8,4619.79,352,251.5,0.0,1
14686,40,5,885.83,285,95.0,0.0,1
14687,26,2,773.6800000000001,177,190.0,628.38,0
14688,22,7,1637.72,82,215.0,6075.85,0
14690,18,2,422.63,36,87.0,371.7,0
14692,6,8,1153.54,243,80.0,591.55,0
14693,51,6,992.46,151,59.0,172.9,0
14694,242,1,244.31,242,193.0,0.0,1
14695,145,3,1620.07,358,226.0,0.0,1
14696,47,1,394.33,47,237.0,2373.57,0
14699,61,3,593.47,151,135.66666666666666,109.13000000000001,0
14700,41,2,880.96,111,146.0,2235.3,0
14701,68,6,2012.72,310,141.66666666666666,2549.37,0
14702,5,12,3143.38,354,121.0,3610.84,0
14704,50,2,266.66,250,63.5,1546.91,0
14706,244,1,390.69,244,263.0,0.0,1
14707,61,2,139.2,202,48.0,0.0,1
14708,49,2,666.85,81,269.0,1545.43,0
14709,5,12,3965.29,360,138.08333333333334,4921.04,0
14710,5,9,1316.46,362,85.88888888888889,606.13,0
14712,44,1,411.0,44,96.0,917.07,0
14713,5,10,2453.56,362,171.6,2965.31,0
14714,33,3,746.05,313,137.66666666666666,160.19,0
14715,68,4,973.0699999999999,315,128.25,867.38,0
14716,70,1,235.77,70,148.0,329.68,0
14717,359,1,81.3,359,32.0,0.0,1
14718,36,1,226.42,36,202.0,0.0,1
14721,5,1,115.77,5,59.0,0.0,1
14722,103,2,325.45,112,51.0,187.92000000000002,0
14723,11,5,683.82,361,99.6,1409.24,0
14724,216,1,345.25,216,187.0,0.0,1
14725,20,3,597.16,160,249.0,718.08,0
14726,280,1,124.75,280,91.0,0.0,1
14727,172,2,199.35,172,203.0,268.58,0
14728,39,1,190.58,39,68.0,0.0,1
14729,251,2,280.4,251,90.0,626.98,0
14732,18,11,2814.58,356,78.9090909090909,2702.4900000000002,0
14733,1,3,4769.04,28,682.3333333333334,11415.93,0
14734,51,4,1056.42,177,94.5,0.0,1
14735,14,24,6174.47,361,93.70833333333333,6065.69,0
14736,111,2,401.08,111,82.0,0.0,1
14737,26,1,2389.62,26,726.0,1164.55,0
14738,186,2,507.45,358,78.0,1314.45,0
14739,30,18,7671.34,363,326.44444444444446,4616.16,0
14740,35,8,2712.85,278,168.25,1448.21,0
14741,43,1,312.75,43,165.0,1584.84,0
14742,61,1,579.85,61,374.0,0.0,1
14743,218,1,50.48,218,40.0,0.0,1
14744,14,7,2560.1,196,253.14285714285714,1324.98,0
14745,127,7,1351.55,263,134.14285714285714,1220.26,0
14746,32,4,593.5,49,99.5,0.0,1
14748,63,5,1266.1499999999999,271,239.8,1886.17,0
14749,105,1,310.15,105,403.0,0.0,1
14750,362,1,112.03,362,65.0,0.0,1
14751,310,2,126.45,352,32.5,0.0,1
14753,86,1,306.36,86,201.0,563.15,0
14754,51,4,912.4300000000001,316,131.25,638.05,0
14755,7,14,4962.27,362,155.85714285714286,5010.28,0
14756,8,2,1914.8,50,503.5,738.96,0
14758,22,3,1380.9099999999999,236,140.33333333333334,1484.06,0
14761,70,1,192.02,70,88.0,255.9,0
14762,252,1,117.05000000000001,252,87.0,300.52,0
14766,5,5,3902.36,177,530.0,2653.77,0
14767,100,1,382.81,100,117.0,0.0,1
14769,16,9,5097.13,349,424.3333333333333,10674.75,0
14770,93,6,2761.2200000000003,278,184.66666666666666,876.42,0
14771,247,2,594.62,362,311.0,0.0,1
14773,218,1,140.55,218,53.0,0.0,1
14774,154,1,241.45,154,99.0,0.0,1
14776,13,4,1170.0,72,381.0,2538.3,0
14777,29,1,307.56,29,212.0,0.0,1
14783,285,1,307.3,285,262.0,0.0,1
14784,15,1,159.94,15,126.0,289.99,0
14786,176,1,90.96,176,112.0,0.0,1
14787,97,1,110.65,97,59.0,0.0,1
14788,222,1,476.88,222,298.0,679.4399999999999,0
14790,0,6,1781.56,354,323.8333333333333,745.06,0
14791,232,1,303.63,232,127.0,0.0,1
14793,161,1,396.91,161,270.0,228.99,0
14794,28,3,633.99,113,36.666666666666664,1319.91,0
14796,5,10,2195.94,351,119.4,8693.7,0
14797,133,1,300.31,133,99.0,0.0,1
14798,7,5,550.5699999999999,274,90.2,173.74,0
14799,363,1,180.45,363,349.0,157.7,0
14800,9,5,2878.74,61,575.0,4895.58,0
14802,64,2,1502.98,64,1.0,0.0,1
14805,30,3,549.99,247,102.0,554.65,0
14806,65,1,110.03999999999999,65,93.0,193.39000000000001,0
14807,16,2,519.29,275,123.5,0.0,1
14809,247,2,686.76,247,116.0,0.0,1
14810,44,2,268.7,55,73.5,2268.32,0
14811,13,1,170.5,13,74.0,0.0,1
14812,224,1,185.8,224,136.0,0.0,1
14813,11,2,780.01,236,170.0,310.86,0
14814,207,1,160.46,207,96.0,0.0,1
14817,21,5,2849.52,253,361.4,1110.34,0
14818,84,3,512.61,273,74.0,657.8,0
14819,120,2,198.09,344,32.0,272.07,0
14820,6,5,767.47,303,94.2,507.29,0
14821,4,6,1188.85,302,74.16666666666667,97.60000000000001,0
14822,111,1,157.70000000000002,111,94.0,0.0,1
14824,5,6,2895.2000000000003,263,238.16666666666666,1127.71,0
14825,8,12,2514.07,238,148.75,2411.01,0
14826,207,2,385.2,321,76.0,0.0,1
14828,14,10,7699.7,358,754.6,2139.76,0
14829,13,3,758.32,62,168.33333333333334,934.52,0
14831,306,3,1676.57,363,295.0,0.0,1
14832,256,1,322.69,256,1.0,0.0,1
14833,124,1,94.8,124,58.0,0.0,1
14834,33,1,485.86,33,138.0,1720.3,0
14835,154,2,297.0,243,90.0,0.0,1
14837,68,5,1810.82,310,318.8,1649.5,0
14838,49,2,773.6700000000001,362,181.0,0.0,1
14839,44,3,915.28,330,309.0,0.0,1
14840,165,1,299.86,165,148.0,62.85,0
14841,0,8,3867.2400000000002,363,298.25,3295.76,0
14843,62,1,211.79999999999998,62,132.0,0.0,1
14844,56,6,3512.62,232,422.6666666666667,3189.81,0
14845,225,1,150.0,225,600.0,0.0,1
14846,53,1,437.4,53,193.0,0.0,1
14847,33,2,1039.55,190,206.5,309.4,0
14848,30,1,310.56,30,260.0,0.0,1
14849,7,18,7477.07,324,341.3333333333333,8286.380000000001,0
14850,43,6,1468.26,194,185.83333333333334,325.75,0
14851,256,1,318.06,256,306.0,511.35,0
14852,50,12,3310.4900000000002,270,218.66666666666666,2836.69,0
14853,49,3,901.0699999999999,231,87.66666666666667,475.8,0
14854,16,4,1563.03,312,291.75,2759.83,0
14855,100,5,5874.65,236,648.6,645.65,0
14857,68,5,2478.731,260,323.4,1173.12,0
14858,131,1,180.75,131,105.0,0.0,1
14859,180,1,351.9,180,217.0,1353.74,0
14861,6,9,1254.94,357,106.55555555555556,125.79,0
14865,0,2,40.32000000000001,364,48.0,89.4,0
14866,30,7,6356.64,96,333.85714285714283,14493.58,0
14867,21,13,2241.78,360,51.38461538461539,710.28,0
14868,6,4,1230.42,46,206.25,2953.59,0
14869,14,4,2078.54,349,397.0,725.7,0
14870,39,5,1511.7,309,72.8,327.25,0
14871,119,5,736.59,364,53.8,522.38,0
14872,109,3,816.6,259,220.66666666666666,0.0,1
14873,259,1,334.45,259,143.0,519.68,0
14874,161,1,116.18,161,148.0,0.0,1
14875,67,1,1397.08,67,774.0,1465.3200000000002,0
14876,147,2,256.7,187,81.0,0.0,1
14877,44,2,437.0,268,85.5,0.0,1
14878,2,16,2619.7000000000003,282,101.875,1485.54,0
14879,310,1,185.06,310,104.0,0.0,1
14882,16,12,3038.4500000000003,245,123.5,589.7,0
14884,295,1,120.6,295,72.0,0.0,1
14885,53,2,832.8,91,292.0,765.3199999999999,0
14890,244,2,691.6,285,292.5,125.65,0
14891,42,2,552.35,62,141.5,554.38,0
14892,316,1,202.35000000000002,316,79.0,0.0,1
14893,243,1,571.76,243,248.0,1237.8500000000001,0
14894,69,2,837.0600000000001,363,169.0,655.75,0
14895,9,18,13980.83,355,325.72222222222223,11138.710000000001,0
14896,139,6,1366.43,359,109.0,725.99,0
14897,35,4,1774.16,350,173.5,1366.38,0
14898,7,8,2105.79,362,151.125,1402.02,0
14899,21,1,1384.88,21,586.0,0.0,1
14900,148,1,13.919999999999998,148,48.0,0.0,1
14901,32,3,505.96000000000004,124,74.66666666666667,1783.69,0
14902,21,2,702.96,179,249.0,332.66,0
14904,34,2,615.2,53,282.0,1025.44,0
14905,0,6,1355.24,362,120.33333333333333,616.15,0
14906,71,1,68.44,71,1.0,0.0,1
14907,5,9,2046.6200000000001,228,99.11111111111111,4119.17,0
14908,89,1,104.10000000000001,89,50.0,277.8,0
14909,63,3,1404.68,289,296.0,0.0,1
14911,1,197,147735.99,364,343.88324873096445,148236.64,0
14912,27,4,1021.4,308,212.0,867.85,0
14913,14,4,2845.7,111,553.0,1227.43,0
14915,1,9,1503.77,362,66.11111111111111,307.48,0
14916,57,4,1773.97,243,319.75,1268.98,0
14917,222,2,1123.75,222,445.5,0.0,1
14918,30,7,4345.66,236,268.0,1610.15,0
14919,165,1,359.35,165,129.0,0.0,1
14920,191,1,629.4,191,377.0,977.77,0
14922,19,2,843.74,133,188.0,0.0,1
14924,236,2,620.96,265,124.0,310.05,0
14926,7,2,359.4,224,102.0,0.0,1
14927,22,1,308.2,22,196.0,0.0,1
14928,253,1,223.91000000000003,253,268.0,0.0,1
14929,47,1,612.8100000000001,47,351.0,223.88,0
14930,96,3,2873.77,232,344.3333333333333,2372.86,0
14932,11,1,302.6,11,177.0,727.06,0
14933,69,4,1770.0,70,150.0,0.0,1
14934,4,3,1612.56,67,352.6666666666667,1890.94,0
14935,245,1,1065.12,245,996.0,1784.71,0
14936,16,4,4273.79,209,547.25,8137.02,0
14938,188,2,2322.43,188,684.5,0.0,1
14940,43,2,531.49,359,192.0,0.0,1
14941,204,1,182.1,204,80.0,0.0,1
14942,27,4,746.56,355,88.5,0.0,1
14943,289,1,107.62,289,46.0,0.0,1
14944,15,7,3884.42,286,292.7142857142857,5900.25,0
14945,39,1,179.4,39,156.0,0.0,1
14947,14,4,758.97,250,59.25,290.82,0
14949,95,4,515.0,347,62.5,0.0,1
14952,22,21,9529.86,362,172.47619047619048,8099.49,0
14953,44,3,723.95,61,267.6666666666667,289.82,0
14954,329,1,167.27,329,92.0,336.17,0
14955,358,1,163.77,358,74.0,0.0,1
14956,47,1,1325.0,47,2500.0,0.0,1
14957,270,1,274.8,270,71.0,58.49,0
14958,221,3,458.26,362,40.0,499.68,0
14961,5,13,9365.47,361,358.7692307692308,7044.68,0
14962,165,3,240.21000000000004,210,26.333333333333332,126.7,0
14963,5,7,1676.68,151,163.0,1487.8,0
14966,13,5,924.5200000000001,350,182.2,191.32,0
14967,67,5,1518.81,362,102.4,463.8,0
14968,84,1,357.4,84,131.0,147.59,0
14969,329,1,906.23,329,665.0,0.0,1
14970,35,8,3327.29,289,91.5,1592.06,0
14972,7,1,30.300000000000004,7,12.0,114.77,0
14975,47,1,192.45,47,127.0,279.94,0
14977,351,1,31.929999999999996,351,17.0,0.0,1
14978,56,5,1210.72,216,43.0,1931.42,0
14979,361,1,439.46,361,213.0,0.0,1
14980,363,1,150.68,363,79.0,0.0,1
14981,49,1,270.8,49,144.0,102.12,0
14982,198,1,237.78,198,125.0,0.0,1
14983,315,1,183.20000000000002,315,90.0,0.0,1
14984,14,4,1058.1399999999999,323,72.5,213.27,0
14986,2,2,566.9,310,171.0,0.0,1
14987,7,6,1224.25,363,79.83333333333333,489.59999999999997,0
14988,6,6,1732.06,228,189.16666666666666,334.54,0
14989,287,1,342.4,287,200.0,0.0,1
14990,238,2,305.42,356,65.0,0.0,1
14991,56,1,314.67,56,191.0,0.0,1
14992,68,1,210.5,68,145.0,0.0,1
14993,189,1,36.13,189,21.0,0.0,1
14994,8,5,960.63,249,115.4,0.0,1
14996,107,2,442.28999999999996,107,202.0,0.0,1
14997,281,1,230.4,281,288.0,546.1999999999999,0
14998,54,2,340.86,231,48.5,429.87,0
14999,218,1,129.48000000000002,218,88.0,0.0,1
15001,20,2,230.85999999999999,20,40.5,0.0,1
15002,133,5,2543.87,322,275.4,2273.41,0
15003,99,6,1060.7,308,91.16666666666667,0.0,1
15005,1,28,7567.13,364,160.39285714285714,6539.07,0
15006,79,1,323.05,79,114.0,502.09,0
15008,106,2,360.0,263,750.0,0.0,1
15011,21,2,416.6,42,144.5,0.0,1
15012,202,1,246.52,202,162.0,614.1,0
15013,113,10,1641.3,303,174.7,0.0,1
15015,127,13,2365.02,351,122.53846153846153,0.0,1
15016,19,4,460.26,169,42.75,170.04,0
15020,5,1,203.42,5,112.0,0.0,1
15021,5,3,663.37,124,92.0,2120.46,0
15022,303,1,281.05,303,113.0,905.04,0
15023,26,9,4907.32,300,216.55555555555554,7263.36,0
15024,4,6,1922.96,50,170.33333333333334,2152.55,0
15025,194,1,636.08,194,326.0,377.01,0
15026,1,2,592.61,74,194.0,469.0,0
15027,21,6,2129.45,250,369.5,1066.1499999999999,0
15028,4,2,344.61,20,109.0,813.1,0
15029,245,1,365.1,245,234.0,0.0,1
15030,6,6,1461.63,271,142.16666666666666,518.28,0
15031,20,10,2488.44,357,121.4,668.14,0
15032,48,5,6050.95,355,726.6,7729.7,0
15034,12,6,4004.79,203,394.3333333333333,4308.61,0
15037,2,2,402.51,2,150.5,0.0,1
15038,16,3,477.94,51,59.333333333333336,831.92,0
15039,1,46,19505.48,355,189.30434782608697,20525.95,0
15040,167,1,7.49,167,1.0,0.0,1
15041,70,1,113.67,70,93.0,180.35,0
15042,221,1,179.52,221,208.0,135.93,0
15043,89,5,2336.7999999999997,159,146.2,537.0,0
15044,5,18,8504.1,349,138.0,7700.2300000000005,0
15046,51,10,2598.62,320,125.0,5213.7699999999995,0
15050,47,2,2411.7,106,702.0,1782.09,0
15051,5,6,2543.55,364,340.3333333333333,1391.61,0
15055,100,3,560.07,349,76.66666666666667,0.0,1
15056,146,1,133.45,146,81.0,0.0,1
15057,69,3,1766.46,360,242.0,1489.5,0
15058,2,5,1285.04,279,118.2,2124.9900000000002,0
15059,2,10,2185.85,359,101.3,1337.72,0
15061,7,79,71854.88,364,574.1772151898734,65963.64,0
15062,49,4,1597.76,236,277.25,987.86,0
15064,36,4,1254.41,343,202.5,0.0,1
15065,36,1,168.73,36,63.0,3158.13,0
15067,39,2,2133.12,233,604.5,1744.76,0
15068,44,2,623.49,247,235.5,553.36,0
15070,217,2,630.85,350,151.5,212.4,0
15071,12,2,473.49,196,73.5,982.07,0
15072,105,1,187.51999999999998,105,164.0,0.0,1
15073,26,5,1744.61,307,183.8,1043.41,0
15074,55,2,817.46,93,304.0,748.87,0
15076,118,2,566.89,148,147.5,880.85,0
15077,120,2,2428.08,356,264.0,0.0,1
15078,32,21,7543.62,361,174.85714285714286,10218.26,0
15079,96,7,2729.79,357,152.85714285714286,1037.56,0
15080,53,2,546.25,127,143.5,0.0,1
15081,4,7,1349.77,161,79.85714285714286,615.95,0
15082,294,1,93.35000000000001,294,43.0,0.0,1
15084,5,2,965.2,271,300.0,0.0,1
15085,355,1,347.54,355,169.0,0.0,1
15086,190,2,218.53,251,47.5,0.0,1
15091,300,2,565.9,300,118.0,480.71,0
15092,88,1,318.65,88,95.0,457.81,0
15093,14,17,9105.36,357,412.8235294117647,5220.75,0
15094,89,2,83.0,270,14.0,0.0,1
15095,46,6,1771.04,313,192.33333333333334,1370.6,0
15097,209,2,660.27,209,127.0,248.08,0
15100,6,4,1317.8999999999999,327,47.5,1576.8,0
15101,141,4,1160.41,216,108.75,317.53,0
15102,156,2,554.67,172,169.5,0.0,1
15105,56,2,795.98,252,268.0,2298.93,0
15107,12,3,504.85,77,53.666666666666664,435.5,0
15109,205,2,498.15000000000003,361,63.5,484.95,0
15110,29,2,509.75,111,45.5,996.1,0
15111,50,2,874.89,218,174.0,1855.98,0
15112,237,1,209.4,237,72.0,0.0,1
15114,9,2,639.56,47,218.0,2760.56,0
15115,358,1,191.74,358,88.0,340.11,0
15117,74,3,934.19,260,381.6666666666667,1551.78,0
15122,48,8,2863.69,245,155.625,1633.78,0
15123,47,3,2456.86,259,443.0,2199.31,0
15124,102,2,266.63,277,114.5,184.19,0
15125,105,9,5496.39,244,248.88888888888889,11528.48,0
15126,162,2,449.49,313,136.5,0.0,1
15127,145,1,304.97,145,213.0,406.53,0
15128,56,1,312.68,56,240.0,1471.0,0
15129,11,12,3412.78,236,184.0,3447.4,0
15131,20,1,80.28,20,88.0,0.0,1
15133,8,2,824.48,146,140.0,982.42,0
15134,7,2,208.3,48,85.0,1387.99,0
15135,182,1,166.63,182,41.0,139.05,0
15137,146,2,823.4,306,298.0,0.0,1
15138,19,1,502.52,19,300.0,0.0,1
15140,68,1,889.44,68,438.0,2354.25,0
15141,83,7,1388.47,247,171.0,0.0,1
15142,36,5,2121.18,126,358.0,498.74,0
15143,58,1,304.18,58,170.0,259.45,0
15144,5,12,5579.87,352,183.41666666666666,6580.44,0
15149,202,4,1033.81,275,63.0,520.8000000000001,0
15150,82,3,3686.61,169,841.6666666666666,5314.47,0
15151,49,2,2085.61,135,397.5,0.0,1
15152,327,1,518.14,327,290.0,4745.69,0
15154,104,2,1091.99,104,122.5,296.42,0
15155,9,1,383.96999999999997,9,192.0,0.0,1
15157,195,2,718.04,355,537.0,1936.07,0
15158,27,1,204.62,27,21.0,401.40000000000003,0
15159,21,4,3475.7200000000003,57,517.75,18641.010000000002,0
15160,0,3,431.11,47,74.33333333333333,158.16,0
15161,14,1,119.92,14,144.0,0.0,1
15162,357,1,312.9,357,74.0,0.0,1
15164,15,6,1225.8700000000001,316,95.16666666666667,843.05,0
15166,93,1,167.16,93,140.0,0.0,1
15167,33,4,1496.67,299,201.25,163.0,0
15169,8,2,569.22,352,178.0,0.0,1
15170,32,1,81.15,32,33.0,0.0,1
15173,6,7,1494.6,243,120.0,0.0,1
15174,36,1,345.71,36,237.0,135.75,0
15176,293,1,988.04,293,448.0,0.0,1
15177,51,1,948.93,51,485.0,0.0,1
15179,18,8,5284.97,362,434.75,2206.95,0
15180,43,2,729.4300000000001,215,309.0,175.0,0
15181,46,2,510.72,357,72.0,689.4799999999999,0
15182,11,9,2376.1020000000003,282,103.66666666666667,622.85,0
15183,173,3,639.93,210,99.0,0.0,1
15184,13,2,283.19,349,131.5,406.76,0
15186,100,3,991.7900000000001,322,167.0,411.41,0
15188,351,1,310.43,351,233.0,0.0,1
15189,7,5,1298.99,135,150.6,16225.39,0
15190,60,1,834.4399999999999,60,790.0,0.0,1
15191,89,3,588.05,314,95.66666666666667,0.0,1
15192,201,2,622.07,305,265.0,1359.32,0
15194,6,13,4405.0,362,247.6153846153846,8022.6900000000005,0
15196,58,2,316.25,352,65.5,0.0,1
15197,20,3,797.9,354,196.33333333333334,1079.6100000000001,0
15198,34,3,377.71,315,69.0,193.64,0
15199,0,6,1853.7,201,83.0,1268.7,0
15200,120,1,549.05,120,195.0,0.0,1
15201,65,2,606.4100000000001,237,225.0,1236.54,0
15202,46,3,6001.49,46,1.0,0.0,1
15203,16,9,2572.38,357,269.8888888888889,1827.8,0
15207,42,3,683.9200000000001,173,142.66666666666666,0.0,1
15208,49,1,100.4,49,40.0,870.12,0
15209,356,1,178.98000000000002,356,94.0,0.0,1
15210,4,2,845.01,201,306.5,331.18,0
15212,2,1,106.47999999999999,2,48.0,101.8,0
15215,19,4,1687.49,238,137.75,734.94,0
15216,244,1,389.49,244,189.0,96.6,0
15217,189,1,426.24,189,190.0,0.0,1
15218,15,11,5759.68,308,293.09090909090907,5756.89,0
15219,274,1,379.7,274,226.0,305.75,0
15221,32,3,1658.95,263,67.0,806.5,0
15222,98,10,2965.91,349,401.8,585.0,0
15223,235,3,662.2,360,57.333333333333336,755.75,0
15224,138,3,549.28,319,97.0,322.08,0
15227,22,4,1269.0900000000001,259,116.75,1219.4,0
15228,54,2,2193.56,125,560.0,3386.71,0
15229,212,1,160.5,212,114.0,0.0,1
15231,247,1,250.26,247,190.0,0.0,1
15233,27,1,59.400000000000006,27,12.0,0.0,1
15235,7,4,525.25,14,88.0,2412.56,0
15240,0,7,2753.41,360,263.57142857142856,1706.57,0
15241,56,3,1293.72,280,503.3333333333333,1756.44,0
15242,48,1,302.04,48,196.0,0.0,1
15243,61,1,610.6,61,358.0,316.68,0
15244,292,1,280.51,292,67.0,631.57,0
15245,28,5,2095.0,221,247.4,2515.84,0
15246,181,1,266.25,181,112.0,514.15,0
15247,103,2,620.06,163,177.0,356.0,0
15248,37,3,1893.93,160,355.0,0.0,1
15249,56,5,2577.54,249,280.6,6688.46,0
15250,266,1,60.0,266,48.0,0.0,1
15251,40,10,9839.55,305,593.7,10484.99,0
15252,47,3,1362.63,237,302.6666666666667,740.78,0
15253,29,3,1136.89,212,240.66666666666666,918.1999999999999,0
15254,172,2,787.99,186,218.0,300.36,0
15255,22,8,2838.57,362,217.125,890.85,0
15256,187,1,71.95,187,37.0,98.45,0
15257,40,1,368.75,40,25.0,317.15,0
15259,138,4,1182.3799999999999,308,157.75,0.0,1
15260,36,18,6956.96,359,199.05555555555554,2231.27,0
15261,7,3,1253.18,60,178.66666666666666,254.82,0
15262,6,2,239.87,114,72.5,178.95000000000002,0
15264,156,1,454.66,156,178.0,393.74,0
15265,230,2,1839.52,364,479.0,1506.1200000000001,0
15266,5,4,732.91,327,54.5,119.3,0
15268,104,3,961.9000000000001,231,142.66666666666666,0.0,1
15269,6,2,816.56,16,173.0,408.8,0
15270,26,14,6145.37,348,177.78571428571428,2379.49,0
15271,5,9,2090.72,117,131.55555555555554,2618.82,0
15272,76,4,1363.54,289,94.25,721.94,0
15273,225,1,228.96,225,216.0,0.0,1
15276,20,3,514.22,60,89.0,135.31,0
15277,51,1,220.44,51,168.0,255.89999999999998,0
15278,187,4,496.15999999999997,291,114.5,0.0,1
15279,6,4,1290.03,301,153.25,290.51,0
15280,114,2,293.09999999999997,197,179.5,113.12,0
15281,4,7,6211.42,53,574.5714285714286,2332.15,0
15282,196,1,348.59,196,395.0,0.0,1
15283,16,3,148.33,144,9.0,0.0,1
15284,126,1,24.75,126,5.0,0.0,1
15285,33,1,94.92,33,120.0,0.0,1
15287,5,3,369.34000000000003,363,192.33333333333334,486.69,0
15288,27,5,1410.96,291,112.6,2472.17,0
15289,84,2,653.3100000000001,247,309.5,939.78,0
15290,19,8,2553.06,279,258.25,7943.22,0
15291,5,25,8849.460000000001,362,112.08,4997.1,0
15293,291,1,247.5,291,178.0,0.0,1
15294,36,1,233.35,36,97.0,0.0,1
15295,280,1,217.23999999999998,280,151.0,0.0,1
15296,46,6,6669.97,313,616.3333333333334,3672.86,0
15298,26,11,4261.87,357,262.1818181818182,5197.5,0
15299,14,3,1649.52,322,136.0,6342.02,0
15301,4,5,1859.72,76,202.4,5743.72,0
15302,356,1,308.0,356,102.0,0.0,1
15303,191,2,650.16,309,133.0,574.02,0
15304,47,1,102.0,47,8.0,817.5500000000001,0
15305,181,1,93.6,181,40.0,0.0,1
15306,126,6,2310.38,285,377.3333333333333,1174.35,0
15309,236,4,797.96,361,110.0,0.0,1
15310,104,1,1634.64,104,1476.0,0.0,1
15311,1,117,54379.19,364,273.6923076923077,62391.97,0
15312,9,8,2005.3400000000001,349,147.125,924.85,0
15314,39,2,492.47999999999996,54,218.5,327.97,0
15317,303,1,129.75,303,45.0,0.0,1
15321,63,9,3961.42,300,274.6666666666667,2748.31,0
15322,102,1,711.18,102,555.0,679.68,0
15323,188,3,434.6,287,62.666666666666664,0.0,1
15324,327,1,140.22000000000003,327,74.0,0.0,1
15325,21,7,1439.72,287,164.42857142857142,162.29,0
15326,235,4,1388.81,364,241.25,311.71,0
15328,33,1,107.24,33,88.0,0.0,1
15329,0,8,1934.63,351,91.625,1049.7,0
15331,125,3,767.91,235,233.66666666666666,0.0,1
15332,26,2,3231.62,139,827.0,3322.12,0
15336,27,1,240.5,27,84.0,0.0,1
15337,37,1,373.02,37,200.0,0.0,1
15338,303,1,283.43,303,150.0,0.0,1
15339,47,5,1253.77,295,145.4,574.07,0
15340,187,1,105.5,187,76.0,0.0,1
15341,75,1,382.2,75,196.0,2020.52,0
15346,51,2,343.7,57,58.0,252.42000000000002,0
15347,4,3,960.4,63,137.33333333333334,403.20000000000005,0
15350,9,1,431.95000000000005,9,221.0,231.3,0
15351,30,3,1503.51,58,203.0,2234.78,0
15352,174,1,114.95,174,43.0,0.0,1
15353,12,5,2087.28,363,215.4,1088.67,0
15354,229,3,284.4,229,1.0,0.0,1
15356,6,3,548.23,48,87.33333333333333,2916.72,0
15358,0,20,8078.66,358,392.6,8971.75,0
15359,288,8,181.35,319,18.125,0.0,1
15361,152,3,270.15000000000003,169,12.333333333333334,418.92,0
15362,74,2,613.08,364,184.0,0.0,1
15363,118,1,352.11,118,239.0,652.0,0
15365,29,6,2242.81,299,174.5,2314.32,0
15366,35,5,1786.57,277,365.2,602.51,0
15367,44,7,3203.74,355,269.57142857142856,1877.59,0
15368,20,1,275.8,20,176.0,446.94000000000005,0
15369,118,11,6251.26,357,298.90909090909093,0.0,1
15370,36,1,1352.96,36,567.0,2386.05,0
15371,288,1,59.400000000000006,288,12.0,0.0,1
15372,76,7,4009.66,289,498.0,2007.3999999999999,0
15373,34,5,671.1800000000001,212,45.4,2750.21,0
15374,250,1,139.32,250,164.0,168.0,0
15375,316,1,60.959999999999994,316,84.0,0.0,1
15377,8,4,1211.75,41,63.25,0.0,1
15378,88,2,246.5,127,65.0,0.0,1
15379,26,1,1174.55,26,695.0,3703.29,0
15380,46,6,1558.7,364,96.33333333333333,1920.3600000000001,0
15381,49,3,1293.72,209,210.33333333333334,596.85,0
15382,0,6,7777.84,361,861.0,5955.71,0
15384,7,2,1385.38,218,585.5,642.41,0
15385,18,2,625.2,303,133.5,316.88,0
15387,118,1,468.65,118,335.0,0.0,1
15389,26,4,2233.8,307,885.0,500.0,0
15390,22,2,1216.66,35,447.0,0.0,1
15391,210,1,289.87,210,109.0,0.0,1
15392,0,3,1376.0900000000001,57,289.0,1535.53,0
15393,193,3,659.48,350,76.0,231.86,0
15394,21,7,3103.26,350,208.85714285714286,2183.54,0
15396,209,1,508.20000000000005,209,156.0,288.18,0
15400,46,3,586.1,186,90.66666666666667,716.2,0
15401,78,2,216.95000000000002,194,46.5,0.0,1
15402,13,4,1203.77,217,335.0,626.77,0
15403,117,2,170.88,356,246.0,0.0,1
15404,1,1,257.06,1,334.0,0.0,1
15405,202,1,310.74,202,155.0,349.1,0
15406,79,2,465.15999999999997,79,146.5,510.71000000000004,0
15409,347,1,131.25,347,59.0,0.0,1
15410,194,2,1234.88,225,351.0,3450.84,0
15413,317,5,6798.72,364,538.8,0.0,1
15416,104,3,588.5,302,110.0,3984.32,0
15418,51,2,452.32,212,133.0,0.0,1
15420,60,6,743.0,360,140.66666666666666,0.0,1
15421,11,6,2854.98,358,237.83333333333334,950.36,0
15422,5,5,1522.27,296,134.4,97.7,0
15423,207,2,223.39,247,48.5,43.5,0
15424,89,1,214.44,89,319.0,383.34,0
15425,26,4,1944.57,289,260.5,0.0,1
15426,67,4,756.58,212,96.75,1858.81,0
15428,13,3,668.97,348,81.66666666666667,93.78,0
15430,93,2,954.75,154,154.5,0.0,1
15431,128,1,153.24,128,84.0,0.0,1
15432,167,1,149.57,167,27.0,171.19,0
15434,0,6,1525.5800000000002,310,129.33333333333334,1041.48,0
15437,266,1,193.29000000000002,266,98.0,200.16,0
15439,30,4,1269.05,279,143.0,0.0,1
15441,22,3,1254.21,356,195.66666666666666,0.0,1
15443,100,7,1939.02,268,153.14285714285714,3236.91,0
15445,216,1,171.0,216,60.0,113.5,0
15446,2,3,406.95,352,89.0,0.0,1
15447,153,4,337.71000000000004,251,35.75,155.17,0
15448,300,1,294.17,300,255.0,494.64,0
15451,60,2,233.21,225,39.5,0.0,1
15452,16,3,1260.38,137,269.3333333333333,538.73,0
15454,244,1,128.59,244,62.0,179.1,0
15455,223,1,38.25,223,3.0,0.0,1
15456,29,7,1672.05,357,309.42857142857144,447.22,0
15458,27,1,208.79999999999998,27,144.0,161.64,0
15459,43,2,202.82999999999998,123,60.5,0.0,1
15461,86,2,429.7,257,115.0,0.0,1
15462,71,1,502.45,71,323.0,234.6,0
15465,2,14,4765.28,355,99.07142857142857,7890.37,0
15466,15,3,1236.48,362,232.66666666666666,334.53,0
15468,18,1,962.97,18,1245.0,467.51,0
15469,64,1,335.7,64,134.0,538.55,0
15470,201,1,63.419999999999995,201,232.0,0.0,1
15471,6,2,847.0799999999999,176,208.5,469.48,0
15473,70,1,274.8,70,104.0,1771.2,0
15474,221,1,163.1,221,56.0,0.0,1
15476,6,4,2209.98,68,293.5,0.0,1
15477,275,1,368.4,275,216.0,0.0,1
15478,201,1,583.56,201,319.0,1441.42,0
15479,359,1,147.4,359,38.0,0.0,1
15480,91,4,5373.5,302,387.25,905.5,0
15481,27,1,1993.34,27,1450.0,0.0,1
15482,12,7,3537.6,363,216.0,11054.96,0
15483,11,6,628.39,310,108.16666666666667,233.81,0
15484,166,2,1061.69,360,462.0,3594.31,0
15485,39,4,2246.42,364,218.0,3525.09,0
15486,153,1,102.0,153,40.0,0.0,1
15487,305,1,231.32,305,144.0,0.0,1
15488,82,4,340.6,209,44.5,91.32000000000001,0
15489,26,5,1285.3300000000002,319,131.2,1134.28,0
15490,56,1,217.6,56,85.0,0.0,1
15493,15,4,2313.18,280,175.0,2001.8,0
15494,104,3,2480.82,354,649.6666666666666,1299.23,0
15495,5,1,246.5,5,194.0,0.0,1
15496,257,1,146.14000000000001,257,98.0,0.0,1
15497,8,7,7395.19,347,330.42857142857144,1262.2,0
15498,1,17,11746.460000000001,349,356.05882352941177,14293.12,0
15499,349,1,161.6,349,60.0,0.0,1
15501,30,2,402.5,41,103.0,0.0,1
15502,64,2,2679.14,180,667.5,11314.33,0
15503,352,1,120.06,352,62.0,147.09,0
15504,146,3,371.02,291,38.333333333333336,52.83,0
15506,7,3,1060.77,103,266.3333333333333,979.26,0
15509,6,1,166.51,6,72.0,0.0,1
15512,16,2,210.58,302,83.5,121.0,0
15513,25,16,11678.83,321,298.0,16071.720000000001,0
15514,5,7,2459.09,361,298.0,4139.46,0
15515,13,1,171.81,13,131.0,0.0,1
15518,4,7,2276.4900000000002,345,221.42857142857142,1942.45,0
15519,9,2,344.61,72,58.0,0.0,1
15521,26,8,4106.49,329,335.0,3000.2,0
15523,14,15,16947.98,363,1049.4,412.01000000000005,0
15524,232,1,151.4,232,24.0,440.0,0
15525,8,1,155.85,8,140.0,1139.85,0
15527,20,15,3145.86,350,82.0,2429.78,0
15529,20,1,821.0600000000001,20,816.0,4290.89,0
15530,138,1,311.37,138,390.0,1502.35,0
15532,2,6,2190.9700000000003,175,138.0,1580.93,0
15534,351,1,162.25,351,63.0,0.0,1
15535,30,2,551.42,74,90.0,536.4,0
15536,35,1,259.09,35,242.0,0.0,1
15538,163,6,3358.3999999999996,289,169.33333333333334,0.0,1
15540,1,1,247.38,1,244.0,213.3,0
15542,138,3,918.45,363,156.33333333333334,0.0,1
15543,85,1,114.98,85,83.0,127.86,0
15544,32,11,4261.18,306,330.54545454545456,3901.25,0
15546,232,2,1079.1000000000001,232,99.0,0.0,1
15547,2,12,5199.55,359,277.5,4954.84,0
15548,221,1,158.09,221,64.0,0.0,1
15549,47,5,652.7,323,48.4,1693.26,0
15550,4,8,1643.17,362,106.125,575.63,0
15551,20,6,1274.02,176,99.33333333333333,436.06,0
15552,249,1,162.4,249,106.0,90.12,0
15555,1,20,6488.4,359,205.15,5623.95,0
15558,265,1,214.13,265,86.0,0.0,1
15559,194,1,1109.4,194,526.0,0.0,1
15560,23,2,153.52,23,36.0,0.0,1
15561,9,4,1133.8,289,266.75,800.59,0
15562,50,2,538.83,352,261.0,134.55,0
15563,140,3,1466.56,306,506.0,1400.44,0
15564,89,2,70.74000000000001,302,21.0,0.0,1
15566,18,2,227.87,350,76.5,0.0,1
15569,16,5,2210.64,275,214.0,1375.71,0
15570,0,13,4627.87,247,157.46153846153845,4683.17,0
15571,12,10,3401.2,359,224.2,650.4300000000001,0
15572,6,3,1515.81,230,306.3333333333333,2552.86,0
15573,244,3,599.73,355,139.0,607.45,0
15574,46,2,440.8,90,212.0,1077.9,0
15575,245,1,30.1,245,6.0,0.0,1
15577,349,2,139.1,352,16.0,258.88,0
15579,9,3,953.9,58,201.0,348.6,0
15580,2,8,1381.19,296,119.875,0.0,1
15581,13,25,3842.28,363,110.24,3952.31,0
15583,2,1,107.86,2,63.0,0.0,1
15584,25,2,552.39,296,86.5,725.11,0
15586,218,3,1139.1,326,446.0,0.0,1
15587,18,3,608.4000000000001,117,72.0,913.6800000000001,0
15588,303,1,579.6,303,96.0,0.0,1
15590,8,5,1496.6,232,166.4,0.0,1
15591,208,3,217.9,299,19.333333333333332,0.0,1
15595,113,1,357.6,113,144.0,0.0,1
15596,15,4,1321.1299999999999,125,161.75,1808.91,0
15597,201,1,238.8,201,114.0,324.57,0
15598,53,1,307.34,53,244.0,240.68,0
15599,71,1,488.32,71,380.0,761.74,0
15600,54,4,1199.31,219,164.25,0.0,1
15601,15,16,7415.18,364,338.25,7544.9400000000005,0
15602,8,7,1840.0900000000001,363,165.0,1390.42,0
15603,274,1,40.0,274,32.0,48.480000000000004,0
15605,214,4,543.72,320,50.0,1393.08,0
15606,16,8,2310.83,273,90.375,2920.16,0
15607,169,8,1604.21,326,158.5,104.76,0
15608,41,1,692.3,41,548.0,1093.68,0
15611,9,13,1405.83,309,18.692307692307693,1591.45,0
15613,236,1,433.71999999999997,236,700.0,0.0,1
15614,63,4,3147.36,252,408.0,0.0,1
15615,16,24,10974.23,363,274.25,10399.74,0
15616,64,1,317.11,64,137.0,0.0,1
15617,22,3,828.5500000000001,133,161.66666666666666,0.0,1
15620,35,1,389.18,35,334.0,1553.18,0
15622,53,8,4143.05,271,302.125,3709.56,0
15623,19,7,2136.02,355,137.42857142857142,301.03,0
15625,2,5,1702.1399999999999,168,366.4,1534.26,0
15626,47,1,391.72,47,372.0,675.8,0
15627,83,2,566.9,148,172.0,0.0,1
15628,27,8,2462.84,352,209.375,3189.42,0
15629,76,4,2240.9,158,379.5,0.0,1
15630,270,1,295.05,270,187.0,1186.35,0
15631,268,1,596.67,268,525.0,0.0,1
15633,135,13,4352.46,357,158.30769230769232,0.0,1
15634,9,1,311.1,9,128.0,243.55,0
15635,21,1,100.35,21,5.0,0.0,1
15636,63,2,719.82,195,138.0,724.76,0
15637,39,4,574.23,350,130.75,223.36,0
15638,4,6,2265.2,236,189.0,0.0,1
15639,77,2,639.76,231,263.0,425.32,0
15640,13,14,11108.2,351,400.2142857142857,12849.380000000001,0
15641,22,8,3458.35,359,357.5,1887.2,0
15642,355,1,105.78000000000002,355,270.0,0.0,1
15645,40,2,443.16,51,70.0,612.01,0
15646,20,2,337.17,36,213.5,637.44,0
15647,41,1,169.0,41,124.0,0.0,1
15649,1,2,844.3499999999999,13,86.5,1326.0,0
15650,147,2,553.88,254,105.0,0.0,1
15651,46,2,612.76,222,196.0,646.3,0
15652,13,4,1082.6,111,112.75,337.74,0
15658,67,3,1093.17,362,128.33333333333334,1330.3,0
15659,12,2,226.04,279,25.0,306.45,0
15660,7,6,1002.83,298,122.16666666666667,1810.16,0
15661,5,6,906.15,204,90.5,309.8,0
15662,287,2,283.73,364,72.5,0.0,1
15664,75,3,867.6,275,124.33333333333333,386.43,0
15665,37,3,1773.11,261,376.0,2242.01,0
15666,98,2,632.9399999999999,121,234.5,0.0,1
15670,182,1,152.15,182,41.0,173.05,0
15672,351,1,45.300000000000004,351,10.0,0.0,1
15673,77,5,3533.77,281,369.4,2881.02,0
15674,43,8,4501.63,357,296.625,2446.6,0
15675,30,1,218.35,30,97.0,323.69,0
15677,47,2,648.4,89,178.0,657.23,0
15678,21,2,1541.19,148,441.5,352.7,0
15680,40,7,2695.01,363,255.85714285714286,1812.57,0
15681,5,9,1563.54,190,64.0,1426.16,0
15682,225,2,318.24,313,111.0,0.0,1
15683,99,1,330.79,99,201.0,193.75,0
15684,173,3,173.95,361,25.666666666666668,0.0,1
15685,76,1,55.980000000000004,76,36.0,0.0,1
15686,46,1,90.0,46,72.0,0.0,1
15688,44,1,190.57,44,95.0,0.0,1
15689,243,1,266.93,243,123.0,254.1,0
15691,20,3,434.5,359,46.666666666666664,136.8,0
15693,285,1,37.5,285,30.0,0.0,1
15694,22,10,3499.08,358,79.0,7311.73,0
15695,223,2,721.06,307,136.0,409.98,0
15696,49,5,1170.1100000000001,310,74.2,2736.46,0
15697,315,1,246.75,315,127.0,0.0,1
15698,250,1,46.2,250,60.0,0.0,1
15702,102,2,140.39000000000001,308,51.5,0.0,1
15704,128,2,1524.3400000000001,209,347.5,2293.62,0
15708,16,2,663.8,51,125.0,3714.92,0
15709,215,1,194.6,215,48.0,133.25,0
15710,43,1,898.87,43,641.0,0.0,1
15711,182,2,420.25,310,99.5,0.0,1
15712,5,7,2400.05,364,113.0,1072.3600000000001,0
15713,245,2,482.94,349,150.5,527.85,0
15714,79,3,453.93,181,58.333333333333336,330.88,0
15715,181,5,658.02,245,49.2,0.0,1
15716,79,7,1390.9,358,91.71428571428571,1665.91,0
15717,47,4,456.70000000000005,218,38.5,150.3,0
15718,166,1,293.79,166,95.0,0.0,1
15719,7,18,5177.45,364,146.83333333333334,5045.61,0
15720,176,1,143.19,176,48.0,598.73,0
15722,71,6,3035.54,266,209.5,2222.56,0
15723,37,3,744.55,200,119.0,203.1,0
15724,26,1,92.6,26,44.0,218.25,0
15726,16,1,321.91,16,123.0,0.0,1
15727,13,8,4266.55,310,359.625,5178.96,0
15728,5,2,544.6,70,66.0,0.0,1
15729,26,2,107.55000000000001,29,9.5,85.0,0
15730,7,2,605.7,57,186.0,1120.88,0
15731,179,1,125.3,179,122.0,0.0,1
15732,134,8,1249.85,299,131.125,432.22,0
15734,62,2,923.85,173,85.0,1339.45,0
15735,47,1,327.68,47,206.0,0.0,1
15736,61,2,1815.72,61,634.0,0.0,1
15738,28,25,8230.9,355,241.92,5142.07,0
15741,84,2,208.62,244,35.0,0.0,1
15742,245,1,156.87,245,51.0,0.0,1
15747,1,6,1588.57,316,148.33333333333334,974.04,0
15748,75,2,465.45000000000005,75,105.5,149.31,0
15750,0,10,3991.1910000000003,364,249.9,2806.0,0
15751,86,11,1380.44,359,40.27272727272727,0.0,1
15752,27,2,1310.51,83,418.0,2897.03,0
15754,119,6,2579.04,281,260.5,458.57,0
15755,5,11,3628.87,361,237.0,2364.25,0
15757,12,4,2225.94,173,316.5,714.42,0
15759,137,4,577.8900000000001,363,115.75,253.04,0
15760,256,2,13916.34,256,1.0,0.0,1
15761,68,1,143.05,68,31.0,0.0,1
15764,60,2,1223.1100000000001,104,447.5,3279.97,0
15765,292,1,370.63,292,335.0,0.0,1
15766,82,2,516.0,308,82.0,315.06,0
15768,102,31,14979.26,362,129.51612903225808,621.8299999999999,0
15769,0,20,32359.8,354,969.8,56344.52,0
15770,238,1,321.45,238,67.0,0.0,1
15771,230,3,1006.54,319,170.66666666666666,0.0,1
15772,44,1,280.88,44,110.0,0.0,1
15773,35,1,138.84,35,99.0,635.6800000000001,0
15774,44,5,1059.14,282,77.2,270.8,0
15775,257,1,45.6,257,192.0,104.9,0
15777,22,3,715.5,194,73.66666666666667,1047.11,0
15778,57,1,307.95,57,101.0,0.0,1
15779,89,2,124.08000000000001,158,10.0,0.0,1
15782,56,1,1399.36,56,980.0,2614.7400000000002,0
15784,93,2,848.3299999999999,298,190.5,0.0,1
15785,5,11,3640.96,350,260.6363636363636,2328.9700000000003,0
15786,43,2,3582.62,162,1308.5,4932.2,0
15788,134,1,221.82999999999998,134,115.0,0.0,1
15789,57,5,1610.71,249,412.2,351.3,0
15791,155,3,1995.65,267,413.0,1612.69,0
15792,25,2,933.84,244,303.0,0.0,1
15793,4,5,1433.96,364,226.4,965.61,0
15794,362,2,777.0,363,144.0,0.0,1
15795,56,7,1369.8600000000001,316,118.57142857142857,610.01,0
15796,0,9,2464.27,244,97.11111111111111,2711.56,0
15797,207,2,613.6800000000001,307,204.0,2207.4,0
15798,118,3,1535.37,307,305.0,0.0,1
15799,44,1,540.15,44,387.0,884.14,0
15800,79,5,543.5,244,50.6,699.08,0
15803,71,3,1513.84,302,246.66666666666666,415.82000000000005,0
15805,11,13,4660.75,355,218.30769230769232,5528.4800000000005,0
15807,34,2,913.62,292,551.0,903.9,0
15808,7,17,13653.51,364,325.3529411764706,4756.42,0
15809,85,2,758.67,161,199.5,515.77,0
15810,12,4,1607.06,299,198.0,1391.98,0
15811,14,1,1382.05,14,756.0,2508.4700000000003,0
15812,61,7,3400.33,350,361.14285714285717,1801.14,0
15814,19,2,689.11,229,228.5,1945.33,0
15816,168,2,144.14999999999998,168,27.0,0.0,1
15817,46,3,2766.4,169,532.0,0.0,1
15818,214,1,340.5,214,284.0,0.0,1
15819,57,6,2029.34,257,261.8333333333333,1905.45,0
15822,119,4,954.59,359,143.75,885.47,0
15823,355,2,3867.17,357,886.5,30.0,0
15824,79,2,890.94,158,239.0,0.0,1
15826,194,1,943.97,194,861.0,1654.31,0
15827,47,14,1767.05,326,59.5,2027.02,0
15828,1,1,1108.82,1,367.0,0.0,1
15833,363,1,80.4,363,24.0,0.0,1
15834,2,3,1539.24,50,284.6666666666667,2233.75,0
15837,111,1,385.03000000000003,111,216.0,391.98,0
15838,6,15,39562.42,350,3049.733333333333,34600.58,0
15841,12,5,1518.35,355,289.8,1224.06,0
15842,19,2,548.8,153,148.0,0.0,1
15845,162,3,714.51,308,67.33333333333333,3711.77,0
15846,11,1,107.01,11,79.0,0.0,1
15847,54,3,433.3,267,64.66666666666667,389.27,0
15848,247,1,139.94,247,46.0,0.0,1
15850,2,4,819.87,352,269.25,238.85,0
15851,152,1,109.73,152,67.0,0.0,1
15852,152,1,96.55,152,12.0,160.71,0
15854,2,9,2609.16,355,85.0,2974.65,0
15855,102,1,340.48,102,242.0,712.24,0
15856,0,25,16261.45,362,350.08,17958.89,0
15857,56,1,273.48,56,276.0,297.0,0
15858,54,8,2137.59,355,194.125,1822.78,0
15859,58,1,438.46,58,174.0,0.0,1
15860,2,9,1425.34,359,92.22222222222223,1079.8700000000001,0
15861,81,4,1236.43,305,329.0,3165.36,0
15862,13,9,1741.18,348,107.88888888888889,1187.1100000000001,0
15863,243,3,289.86,348,48.333333333333336,68.84,0
15864,7,1,244.44000000000003,7,294.0,1936.3200000000002,0
15865,39,2,1353.79,329,389.5,895.13,0
15867,0,16,5138.41,351,189.875,3925.54,0
15868,209,1,94.53,209,57.0,0.0,1
15869,252,1,174.02,252,99.0,149.64,0
15870,22,3,508.52,72,57.666666666666664,354.09000000000003,0
15871,63,1,33.099999999999994,63,5.0,0.0,1
15872,4,2,434.75,176,147.0,360.93,0
15873,125,4,313.91999999999996,126,288.0,0.0,1
15874,13,14,6878.88,327,183.42857142857142,4405.88,0
15875,272,1,111.72,272,76.0,0.0,1
15876,35,2,1449.1399999999999,74,443.0,0.0,1
15878,187,2,330.77,359,121.5,0.0,1
15879,30,4,1157.3,347,160.75,0.0,1
15882,13,4,608.3,355,93.5,887.6800000000001,0
15884,58,2,249.70000000000002,362,79.0,0.0,1
15885,9,12,1572.47,313,42.583333333333336,379.35,0
15886,42,3,871.78,224,173.33333333333334,181.09,0
15887,32,3,1027.15,181,201.66666666666666,0.0,1
15888,26,2,260.85,152,31.5,168.31,0
15889,6,6,1061.49,355,104.16666666666667,744.79,0
15890,20,5,535.65,230,23.8,0.0,1
15892,295,1,128.2,295,46.0,0.0,1
15893,107,1,305.28000000000003,107,288.0,0.0,1
15898,44,20,3685.7400000000002,354,80.9,1910.5700000000002,0
15900,39,3,549.29,188,146.66666666666666,351.11,0
15901,77,4,339.34,169,79.5,363.88,0
15902,6,1,145.01,6,124.0,0.0,1
15903,4,5,3813.0800000000004,320,303.2,5126.76,0
15905,169,1,114.69,169,82.0,0.0,1
15906,0,3,987.95,76,69.0,1567.69,0
15908,116,2,764.57,138,87.0,0.0,1
15910,26,7,1449.6200000000001,313,165.14285714285714,1232.18,0
15911,249,8,1702.34,356,101.375,0.0,1
15912,62,7,810.08,355,82.0,264.62,0
15913,160,1,6.300000000000001,160,3.0,0.0,1
15914,4,2,205.99,4,74.5,0.0,1
15915,27,1,429.21,27,451.0,0.0,1
15916,19,5,1666.6299999999999,355,176.2,1760.54,0
15917,232,4,437.53000000000003,363,55.25,123.1,0
15918,257,1,248.65,257,87.0,334.23,0
15920,50,5,404.14,351,28.2,167.5,0
15921,22,3,466.08,266,58.666666666666664,336.03000000000003,0
15924,357,1,102.82,357,103.0,0.0,1
15926,168,1,134.44,168,155.0,0.0,1
15927,273,1,123.39,273,69.0,0.0,1
15928,282,1,293.53,282,164.0,0.0,1
15929,270,1,594.0,270,120.0,0.0,1
15931,54,1,239.9,54,118.0,0.0,1
15934,43,2,2190.66,55,1083.0,0.0,1
15936,5,2,282.79,93,105.5,0.0,1
15938,82,4,330.23,182,52.25,404.58,0
15939,0,1,2945.38,0,1532.0,6115.01,0
15941,263,1,405.0,263,60.0,0.0,1
15943,275,2,271.28999999999996,303,91.5,0.0,1
15944,19,3,1839.1399999999999,352,269.6666666666667,325.1,0
15945,67,3,465.27000000000004,364,97.66666666666667,362.0,0
15946,128,3,2304.18,259,538.0,0.0,1
15948,50,1,553.85,50,285.0,955.24,0
15950,1,6,5415.2,308,442.5,1765.51,0
15951,7,1,304.95,7,107.0,708.22,0
15953,12,10,1800.33,362,85.9,1869.22,0
15954,215,1,190.75,215,119.0,0.0,1
15955,36,8,3669.7200000000003,280,229.0,4988.64,0
15956,177,2,617.6,352,139.0,0.0,1
15957,46,2,501.21,46,123.5,428.89,0
15958,29,3,388.64,176,43.666666666666664,104.35,0
15959,308,3,579.49,308,94.0,0.0,1
15960,0,4,410.95,61,64.5,0.0,1
15961,5,1,451.28999999999996,5,154.0,0.0,1
15962,75,1,295.83,75,235.0,0.0,1
15964,289,1,272.96000000000004,289,94.0,0.0,1
15965,7,9,2011.26,362,100.66666666666667,1001.83,0
15966,76,1,426.53000000000003,76,275.0,0.0,1
15967,5,10,2622.77,364,99.3,418.83,0
15968,14,1,418.05,14,253.0,0.0,1
15969,51,2,460.95,148,49.5,666.1,0
15970,224,1,703.22,224,382.0,314.1,0
15971,11,6,1702.98,357,89.0,4199.85,0
15972,82,5,1810.27,226,96.0,0.0,1
15973,54,2,372.8,55,44.5,615.64,0
15976,36,4,1315.7,177,200.25,430.94,0
15978,58,2,2180.64,270,778.0,1098.78,0
15979,228,1,329.22,228,450.0,0.0,1
15980,116,4,4194.82,182,825.5,2398.86,0
15981,27,13,5954.29,246,227.76923076923077,3408.48,0
15982,231,1,324.51,231,131.0,0.0,1
15983,18,4,1660.25,359,249.5,2298.57,0
15984,6,20,5798.95,364,209.25,2960.37,0
15985,62,5,1572.8600000000001,187,332.8,1142.42,0
15986,7,1,186.3,7,100.0,168.12,0
15987,5,1,117.37,5,73.0,1564.76,0
15988,177,2,612.0600000000001,282,152.5,158.03,0
15989,1,2,372.51,363,85.5,0.0,1
15990,120,5,1217.94,275,129.4,792.11,0
15991,160,1,150.55,160,41.0,0.0,1
15992,22,2,854.61,79,248.5,41.989999999999995,0
15994,37,2,775.11,261,146.0,427.07,0
15995,40,1,696.19,40,353.0,0.0,1
15996,23,1,362.97,23,268.0,1323.93,0
15998,19,11,5218.37,364,302.8181818181818,3089.97,0
15999,361,1,20.4,361,24.0,0.0,1
16001,7,1,583.39,7,337.0,0.0,1
16002,251,1,169.21,251,70.0,0.0,1
16003,7,5,2878.46,362,205.0,2735.37,0
16004,100,5,2146.39,309,215.2,0.0,1
16005,1,6,1820.83,76,168.33333333333334,615.39,0
16006,13,1,245.77,13,127.0,101.4,0
16007,9,3,1373.2,169,416.6666666666667,1701.94,0
16008,8,12,4905.35,256,245.83333333333334,478.78,0
16010,2,8,1316.56,37,90.125,407.5,0
16011,8,13,2279.8,364,100.3076923076923,3600.66,0
16012,27,2,1574.5,155,483.5,1415.29,0
16013,5,37,19253.84,357,271.7837837837838,38192.6,0
16014,34,2,467.89,303,106.5,662.38,0
16016,6,3,642.91,28,97.66666666666667,1891.03,0
16017,43,4,1341.95,329,134.5,211.88,0
16018,22,2,289.23,358,156.5,408.90000000000003,0
16019,7,18,13679.61,351,291.27777777777777,3786.2400000000002,0
16021,21,2,532.25,170,148.5,0.0,1
16024,37,2,232.96,37,53.5,251.24,0
16027,83,9,1113.74,326,105.77777777777777,934.62,0
16028,221,1,82.2,221,18.0,0.0,1
16029,26,44,36912.78,357,325.95454545454544,85296.36,0
16032,82,6,1970.45,149,246.66666666666666,0.0,1
16033,2,7,1864.09,111,99.57142857142857,8972.04,0
16034,20,3,491.02,35,118.33333333333333,437.7,0
16035,186,1,217.73,186,33.0,0.0,1
16036,50,2,1797.92,246,326.5,758.92,0
16037,170,2,654.32,274,169.0,855.02,0
16039,49,2,456.4,254,204.5,0.0,1
16040,56,4,1103.35,235,125.25,1313.55,0
16042,5,3,1067.85,79,229.0,1197.27,0
16043,5,4,1082.6000000000001,107,127.0,773.99,0
16044,61,1,340.84000000000003,61,170.0,0.0,1
16045,42,4,2094.23,124,302.75,1340.7,0
16046,188,1,235.78,188,248.0,0.0,1
16047,308,1,107.14,308,1.0,0.0,1
16048,25,2,562.35,175,140.5,512.88,0
16049,1,3,787.89,142,124.0,1111.79,0
16050,9,2,162.8,27,55.0,137.9,0
16051,307,1,188.44,307,80.0,0.0,1
16053,39,4,2122.89,236,318.5,1511.95,0
16054,44,3,1327.98,243,137.0,783.9,0
16057,145,3,1591.73,327,276.0,2263.12,0
16058,32,1,62.7,32,18.0,0.0,1
16059,13,6,1639.66,195,135.83333333333334,1578.1100000000001,0
16060,26,3,541.95,120,81.0,0.0,1
16061,57,1,89.65,57,19.0,0.0,1
16062,5,4,1709.83,162,308.75,1153.62,0
16064,351,1,111.0,351,56.0,0.0,1
16065,6,7,1638.44,89,140.71428571428572,744.18,0
16067,188,3,3395.29,301,426.3333333333333,0.0,1
16068,219,1,122.93,219,52.0,0.0,1
16069,43,1,457.7,43,138.0,0.0,1
16071,153,3,750.5600000000001,281,172.33333333333334,326.24,0
16072,54,3,3744.57,175,490.3333333333333,584.3199999999999,0
16074,16,1,265.25,16,39.0,0.0,1
16075,128,2,736.9300000000001,190,135.5,0.0,1
16077,251,1,2300.4,251,840.0,0.0,1
16078,295,1,283.79,295,184.0,79.2,0
16080,11,2,385.40000000000003,76,85.0,217.16,0
16081,19,3,1495.68,300,238.0,2964.5,0
16082,296,1,106.75,296,39.0,0.0,1
16083,8,2,1033.8,14,303.0,1317.62,0
16085,6,7,1362.02,314,106.85714285714286,981.51,0
16086,5,5,1566.34,363,187.8,1298.65,0
16087,15,5,1739.92,315,132.8,0.0,1
16088,201,2,1437.43,217,186.5,0.0,1
16089,12,2,271.44,135,61.0,0.0,1
16090,250,1,205.91,250,65.0,0.0,1
16092,130,3,770.08,205,186.66666666666666,817.86,0
16094,1,7,2617.33,228,196.14285714285714,1078.23,0
16095,82,1,447.05,82,265.0,0.0,1
16096,42,3,1264.3500000000001,271,181.66666666666666,320.62,0
16098,41,7,2011.87,350,200.42857142857142,2436.23,0
16099,43,4,841.3,272,131.5,731.9,0
16100,88,1,582.64,88,438.0,0.0,1
16101,60,3,1938.46,187,362.3333333333333,1290.7,0
16103,15,16,4762.07,326,130.0625,1429.64,0
16104,44,8,2476.25,359,115.625,302.36,0
16105,64,4,2049.23,230,448.75,336.96,0
16108,60,3,1393.42,257,286.0,842.5,0
16109,324,1,327.6,324,480.0,611.88,0
16110,148,1,481.79,148,169.0,1337.48,0
16111,53,1,562.48,53,236.0,0.0,1
16115,23,4,907.17,200,150.0,1667.97,0
16117,28,2,422.19,217,95.5,232.21,0
16118,278,1,4376.25,278,2851.0,0.0,1
16119,20,6,1297.45,349,95.16666666666667,423.36,0
16120,48,2,1747.77,48,663.5,1309.14,0
16121,16,3,609.98,191,103.66666666666667,867.11,0
16122,0,2,211.2,51,76.0,790.14,0
16124,44,3,1523.49,358,249.66666666666666,249.0,0
16125,6,13,4008.95,351,130.46153846153845,578.7,0
16126,5,11,8359.03,363,365.1818181818182,6287.77,0
16127,352,1,145.06,352,68.0,656.25,0
16128,6,6,1920.83,137,242.83333333333334,1880.22,0
16129,33,3,1396.05,133,420.3333333333333,0.0,1
16130,48,4,987.48,243,74.0,0.0,1
16131,1,6,6450.88,363,494.3333333333333,3506.54,0
16132,170,2,664.1999999999999,253,140.0,0.0,1
16133,2,23,8403.22,244,207.2173913043478,14589.04,0
16134,49,3,1527.25,166,422.0,618.09,0
16135,209,1,301.9,209,186.0,517.55,0
16136,289,1,237.42,289,234.0,709.38,0
16137,306,1,422.7,306,210.0,0.0,1
16138,4,3,910.35,216,258.0,0.0,1
16139,348,2,475.74,362,136.0,635.41,0
16140,67,1,708.28,67,542.0,849.32,0
16141,43,1,335.54,43,172.0,620.4,0
16143,36,6,2130.14,355,157.83333333333334,2780.69,0
16145,14,8,3005.9500000000003,210,268.375,3799.4900000000002,0
16146,74,1,212.25,74,117.0,734.13,0
16147,26,4,2023.91,298,287.25,375.0,0
16148,62,1,310.3,62,178.0,76.32000000000001,0
16149,55,1,141.70000000000002,55,290.0,280.52,0
16150,83,5,1949.1499999999999,348,188.6,2446.44,0
16153,46,6,3309.2599999999998,188,436.6666666666667,1824.23,0
16155,7,5,796.9,165,99.0,0.0,1
16156,8,11,3096.14,363,175.63636363636363,3122.04,0
16158,148,9,628.32,360,20.22222222222222,0.0,1
16159,96,3,884.59,362,133.0,348.2,0
16161,1,24,7092.04,295,153.875,5739.76,0
16163,43,4,1551.38,363,121.0,1298.2,0
16165,131,1,79.9,131,2.0,0.0,1
16166,54,2,435.83,317,86.5,0.0,1
16167,40,5,1386.1200000000001,364,298.8,0.0,1
16168,4,39,6573.07,362,79.05128205128206,4063.4,0
16170,21,14,4983.95,285,306.14285714285717,1885.05,0
16172,99,3,744.34,139,210.66666666666666,1140.21,0
16174,117,4,1237.2,229,195.0,1009.5500000000001,0
16175,97,3,798.85,189,133.0,1037.59,0
16176,47,4,2052.69,246,238.0,0.0,1
16177,62,7,1915.36,273,132.28571428571428,331.95,0
16178,27,1,414.7,27,210.0,197.9,0
16180,104,5,5995.69,160,789.2,10254.18,0
16182,64,5,3354.0,266,419.2,6617.65,0
16183,20,3,739.1,33,79.33333333333333,338.71000000000004,0
16185,190,1,115.31,190,61.0,529.41,0
16186,14,14,4711.49,356,255.28571428571428,4314.62,0
16188,34,1,105.80000000000001,34,56.0,981.86,0
16190,20,7,2508.4700000000003,351,163.28571428571428,215.08,0
16191,1,11,10507.5,354,546.2727272727273,5180.52,0
16192,361,1,351.3,361,208.0,0.0,1
16193,36,1,315.98,36,160.0,314.45,0
16194,1,1,308.59999999999997,1,140.0,0.0,1
16195,349,1,323.25,349,123.0,0.0,1
16196,114,1,93.3,114,26.0,0.0,1
16197,95,9,2016.71,349,157.77777777777777,0.0,1
16198,63,1,629.36,63,255.0,400.68100000000004,0
16199,18,7,942.75,257,45.857142857142854,0.0,1
16200,8,10,4562.83,363,256.6,1080.6200000000001,0
16201,41,1,248.65,41,135.0,1863.47,0
16202,43,8,2136.72,363,139.5,365.27,0
16203,19,2,350.94,130,137.5,763.6,0
16204,6,2,538.53,357,227.5,405.71,0
16205,22,3,1069.23,168,312.6666666666667,761.38,0
16206,13,9,2065.26,310,123.55555555555556,537.0600000000001,0
16208,20,8,2776.19,279,151.0,664.26,0
16209,8,4,1884.16,172,179.0,2262.62,0
16210,19,17,12664.67,363,284.5882352941176,25824.84,0
16211,47,2,543.5699999999999,64,182.5,547.02,0
16212,244,2,603.37,296,163.5,690.34,0
16214,61,1,975.5,61,888.0,1062.75,0
16218,12,6,883.99,187,118.5,3555.98,0
16219,126,1,40.8,126,48.0,0.0,1
16221,8,6,1203.91,112,124.33333333333333,1031.6,0
16222,347,1,498.5,347,138.0,846.72,0
16223,0,2,1102.3500000000001,21,325.5,0.0,1
16224,13,1,321.24,13,439.0,1295.3,0
16225,28,10,1771.0900000000001,296,79.2,1096.32,0
16226,4,2,417.05,39,164.5,255.12,0
16227,120,2,713.0,161,173.0,314.22,0
16228,11,3,890.8100000000001,26,187.0,0.0,1
16229,7,4,1857.26,190,243.5,1010.6,0
16231,5,4,1078.22,223,141.0,0.0,1
16232,46,3,1722.09,176,433.0,990.88,0
16233,5,6,1281.63,363,83.83333333333333,684.08,0
16234,102,3,333.18,187,56.666666666666664,0.0,1
16235,1,4,1186.4,96,114.5,867.31,0
16237,63,1,136.65,63,57.0,0.0,1
16238,48,1,63.66,48,85.0,0.0,1
16239,8,4,1078.0,89,116.0,414.2,0
16241,9,3,1443.79,36,275.6666666666667,2885.52,0
16242,7,7,3871.19,260,281.85714285714283,3603.21,0
16246,85,2,827.25,295,169.0,0.0,1
16250,12,1,175.8,12,60.0,615.58,0
16251,138,1,128.31,138,44.0,0.0,1
16252,8,1,295.09000000000003,8,158.0,0.0,1
16253,46,5,3626.29,357,565.6,3683.86,0
16254,4,3,985.14,258,183.0,0.0,1
16255,28,7,1912.64,310,158.57142857142858,2994.16,0
16256,119,2,876.9399999999999,223,504.5,752.4300000000001,0
16258,13,10,6739.01,265,420.6,5203.51,0
16259,36,3,361.94,231,54.0,0.0,1
16261,12,2,312.62,68,76.5,746.83,0
16262,4,1,755.15,4,446.0,0.0,1
16263,49,1,351.01,49,200.0,0.0,1
16264,64,2,837.53,72,316.0,0.0,1
16265,12,3,1488.17,33,189.33333333333334,5447.0,0
16266,49,7,896.06,299,56.142857142857146,861.89,0
16267,217,1,186.66,217,198.0,0.0,1
16269,63,1,717.57,63,579.0,0.0,1
16271,83,5,2033.78,268,272.2,1429.24,0
16273,274,2,336.03999999999996,282,23.0,0.0,1
16275,100,2,1591.24,267,466.0,559.87,0
16276,105,2,1818.79,233,523.5,810.6000000000001,0
16277,359,1,188.69,359,33.0,0.0,1
16278,106,2,551.46,125,114.0,566.38,0
16279,11,6,4195.5,222,439.5,1509.58,0
16280,351,1,238.05,351,101.0,0.0,1
16281,49,2,1361.96,308,318.0,2062.06,0
16282,113,2,1139.28,344,338.0,168.3,0
16283,44,3,2833.01,275,551.0,1570.81,0
16284,19,1,205.8,19,139.0,823.97,0
16285,272,1,176.9,272,60.0,0.0,1
16286,103,2,328.95,249,50.5,0.0,1
16287,2,4,864.48,315,282.0,142.5,0
16288,96,1,129.85,96,19.0,0.0,1
16289,88,1,136.31,88,97.0,0.0,1
16290,90,4,2069.3,191,250.25,0.0,1
16291,308,1,117.72,308,1.0,0.0,1
16292,6,4,951.51,230,124.25,302.25,0
16293,5,5,2030.21,354,170.2,2627.7400000000002,0
16294,102,1,126.05000000000001,102,54.0,0.0,1
16296,252,4,1313.67,347,161.25,0.0,1
16298,23,4,487.5,68,27.5,598.2,0
16299,103,1,193.65,103,107.0,0.0,1
16300,56,3,1392.43,301,219.33333333333334,0.0,1
16301,362,1,107.33,362,41.0,0.0,1
16303,18,4,2567.64,257,300.0,5360.63,0
16304,320,1,381.66,320,228.0,0.0,1
16306,60,1,492.45,60,225.0,700.37,0
16307,55,3,1194.92,203,374.3333333333333,0.0,1
16308,32,3,2560.0,350,2666.6666666666665,2560.0,0
16310,40,2,460.08,268,135.0,0.0,1
16312,58,1,171.15,58,53.0,0.0,1
16314,15,3,1491.4,98,212.0,0.0,1
16315,162,1,176.34,162,68.0,226.37,0
16316,6,5,2806.0,119,314.6,2938.91,0
16317,176,2,850.86,210,173.0,1341.65,0
16320,79,4,4590.53,307,646.75,1038.46,0
16321,252,2,230.9,364,62.0,373.65000000000003,0
16323,203,1,146.16,203,96.0,207.50000000000003,0
16325,50,9,3003.26,361,252.22222222222223,594.24,0
16326,9,10,1716.03,306,41.1,3110.96,0
16327,26,10,6351.52,351,557.7,4379.82,0
16328,189,1,310.83,189,141.0,0.0,1
16329,53,4,1703.07,364,206.5,0.0,1
16330,50,4,382.42,288,45.0,251.91,0
16331,58,6,2037.7,268,126.0,0.0,1
16332,57,4,417.21000000000004,215,82.75,1593.2,0
16334,118,1,277.48,118,211.0,0.0,1
16335,177,7,2774.0,361,145.14285714285714,0.0,1
16336,46,4,3517.69,257,368.25,0.0,1
16340,65,2,976.99,177,422.0,549.07,0
16341,63,3,1878.92,235,541.3333333333334,1971.87,0
16343,33,1,316.59,33,227.0,370.47999999999996,0
16344,135,3,741.3199999999999,294,229.33333333333334,101.10000000000001,0
16345,109,1,623.33,109,331.0,575.41,0
16346,11,1,224.51,11,289.0,0.0,1
16347,14,9,2621.76,263,155.22222222222223,887.65,0
16348,56,1,328.77,56,359.0,1469.45,0
16350,0,5,1137.42,54,106.4,1116.47,0
16351,37,12,3176.13,361,172.91666666666666,153.9,0
16353,0,15,3119.75,358,98.46666666666667,6879.71,0
16354,5,3,733.71,217,149.66666666666666,395.8,0
16355,1,1,416.35,1,179.0,0.0,1
16356,2,3,204.10000000000002,177,32.333333333333336,211.77,0
16357,7,1,209.49,7,143.0,658.88,0
16358,20,1,892.1500000000001,20,763.0,2027.5,0
16359,2,7,946.83,287,83.0,1750.92,0
16362,63,1,212.17,63,127.0,734.77,0
16365,21,6,1626.92,354,88.33333333333333,1680.28,0
16366,208,3,1220.83,349,208.66666666666666,327.3,0
16367,9,1,557.91,9,470.0,804.49,0
16368,61,1,142.78,61,57.0,497.43,0
16369,62,4,1111.15,237,139.75,1553.66,0
16371,74,1,157.2,74,108.0,0.0,1
16372,35,3,960.68,233,194.0,367.93,0
16373,8,2,309.49,37,59.5,0.0,1
16374,28,3,1298.42,214,186.66666666666666,473.03000000000003,0
16375,96,2,104.0,96,37.0,0.0,1
16377,243,1,632.28,243,1428.0,676.2,0
16381,21,2,258.7,44,56.0,0.0,1
16382,34,2,353.1,176,83.5,0.0,1
16383,22,5,2306.48,299,229.0,668.36,0
16384,55,2,774.4499999999999,216,300.5,584.5,0
16385,15,2,326.49,257,109.0,704.12,0
16386,13,1,785.39,13,499.0,317.2,0
16387,21,4,824.19,264,103.25,94.36,0
16388,279,1,186.05,279,83.0,0.0,1
16390,162,3,467.5,305,40.666666666666664,0.0,1
16391,26,4,1103.61,187,187.0,0.0,1
16392,39,2,541.86,187,203.0,221.19,0
16393,0,10,2330.65,364,147.0,3231.01,0
16395,19,9,2050.95,359,160.33333333333334,1486.9,0
16396,102,1,137.8,102,80.0,0.0,1
16397,254,1,127.88,254,50.0,0.0,1
16399,15,1,233.25,15,192.0,408.57,0
16400,21,8,2855.5099999999998,357,248.375,303.93,0
16401,5,11,2750.83,181,195.72727272727272,4098.32,0
16406,76,2,389.61,279,74.5,163.07,0
16407,15,4,694.72,58,90.0,2126.93,0
16408,217,1,231.93,217,227.0,0.0,1
16409,6,7,3680.16,352,342.85714285714283,2028.88,0
16410,360,1,130.32,360,348.0,0.0,1
16411,9,2,564.04,54,170.5,346.15,0
16412,19,4,495.4,299,59.5,151.83,0
16413,1,1,266.78000000000003,1,136.0,262.2,0
16414,57,3,433.46000000000004,320,58.333333333333336,126.25,0
16415,209,2,509.09000000000003,302,170.0,210.35,0
16416,16,6,1921.48,280,256.3333333333333,1051.4,0
16417,118,1,35.7,118,6.0,0.0,1
16418,34,2,426.67,48,146.0,675.27,0
16419,203,2,515.1899999999999,294,142.5,972.23,0
16420,22,1,75.0,22,120.0,0.0,1
16421,2,3,526.27,95,41.0,0.0,1
16422,2,58,27298.87,322,527.8793103448276,36352.6,0
16424,8,1,309.5,8,124.0,133.56,0
16428,39,3,660.28,123,198.33333333333334,0.0,1
16430,7,6,817.09,307,34.0,300.85,0
16433,34,1,200.26,34,108.0,184.26,0
16434,72,5,1219.49,317,114.2,1522.25,0
16435,138,3,1011.5699999999999,140,203.0,0.0,1
16436,294,3,329.34,359,79.66666666666667,0.0,1
16437,7,2,301.25,55,98.5,0.0,1
16439,348,1,310.70000000000005,348,74.0,0.0,1
16440,119,1,216.3,119,90.0,3640.67,0
16441,43,3,653.23,253,103.66666666666667,381.2,0
16442,230,2,282.68,352,68.5,616.79,0
16443,146,1,162.24,146,96.0,0.0,1
16444,16,13,3001.91,251,119.38461538461539,654.67,0
16445,12,3,372.22,37,62.666666666666664,230.51,0
16447,216,2,516.13,286,50.0,259.01,0
16448,97,1,178.98000000000002,97,101.0,188.89000000000001,0
16450,210,2,1193.81,282,240.5,311.92,0
16451,187,2,746.1800000000001,361,202.0,266.97,0
16452,256,2,332.17,319,99.5,0.0,1
16453,156,2,251.71,174,69.5,0.0,1
16454,232,2,24.05,237,3.0,6.9,0
16455,2,4,2161.89,245,466.25,2222.48,0
16456,34,8,3917.14,246,273.125,2945.77,0
16458,1,12,2232.6,188,104.33333333333333,3482.7400000000002,0
16459,355,1,71.78999999999999,355,59.0,0.0,1
16461,216,2,1463.8,272,495.0,151.42,0
16465,46,2,746.24,70,252.0,0.0,1
16466,9,8,2235.13,268,127.125,1603.46,0
16467,134,7,2869.16,363,1054.857142857143,0.0,1
16468,96,2,712.62,107,170.0,74.9,0
16469,140,1,178.48000000000002,140,72.0,650.43,0
16470,22,7,1696.21,354,118.0,762.39,0
16471,19,3,966.03,278,176.33333333333334,223.95000000000002,0
16472,60,2,789.6,223,126.0,0.0,1
16473,0,1,154.72,0,100.0,316.11,0
16476,57,1,350.35,57,187.0,0.0,1
16477,21,4,1599.91,110,273.0,2720.11,0
16481,308,1,453.38,308,201.0,0.0,1
16485,58,4,1931.03,359,229.75,363.65,0
16486,163,1,134.36,163,24.0,0.0,1
16487,203,2,209.4,285,81.5,0.0,1
16489,6,2,303.7,62,19.0,0.0,1
16490,62,1,205.41000000000003,62,113.0,0.0,1
16491,39,1,801.66,39,582.0,731.5,0
16492,166,1,385.56,166,235.0,0.0,1
16493,70,3,780.46,249,274.6666666666667,1351.63,0
16496,57,3,731.25,135,217.66666666666666,1599.52,0
16497,39,17,3729.59,362,97.29411764705883,2965.69,0
16499,0,6,2212.89,172,206.16666666666666,365.45,0
16500,0,3,443.05,169,87.66666666666667,400.86,0
16501,9,1,1237.23,9,642.0,0.0,1
16502,246,2,266.5,246,125.5,0.0,1
16503,21,7,2182.41,162,138.0,1431.93,0
16507,198,1,152.76,198,116.0,0.0,1
16508,256,1,248.8,256,106.0,0.0,1
16510,93,5,1603.8,317,178.4,496.2,0
16511,23,3,868.76,274,123.33333333333333,950.26,0
16515,5,5,1589.17,166,153.6,1627.13,0
16518,47,2,475.05,182,98.5,484.32,0
16519,111,2,237.48,274,49.0,318.78,0
16520,50,3,1110.29,273,163.66666666666666,1372.33,0
16521,41,3,1148.01,274,338.6666666666667,0.0,1
16522,61,2,433.36,76,106.0,0.0,1
16523,41,7,2497.86,310,102.0,9418.470000000001,0
16524,72,2,308.14,317,130.0,0.0,1
16525,0,22,11143.75,363,319.77272727272725,13438.89,0
16526,210,1,426.85,210,173.0,290.36,0
16527,50,1,1044.38,50,620.0,228.06,0
16529,103,3,1556.75,156,184.33333333333334,455.25,0
16530,294,1,48.349999999999994,294,17.0,0.0,1
16531,7,4,1053.74,67,237.0,1244.59,0
16532,57,2,2007.84,246,264.0,6748.8,0
16534,268,1,635.9,268,168.0,0.0,1
16535,11,2,407.84,306,164.5,593.75,0
16537,267,1,23.35,267,59.0,0.0,1
16538,167,3,399.62,221,85.66666666666667,0.0,1
16539,30,6,1900.8500000000001,158,89.5,1831.1599999999999,0
16540,40,1,226.70000000000002,40,114.0,0.0,1
16541,361,1,424.03,361,173.0,0.0,1
16542,27,1,137.7,27,96.0,119.62,0
16543,217,1,292.21,217,317.0,0.0,1
16544,145,4,376.70000000000005,288,37.5,0.0,1
16545,1,1,350.52,1,244.0,339.3,0
16546,26,3,4519.92,68,1220.6666666666667,1086.55,0
16547,172,1,111.71,172,113.0,0.0,1
16548,225,1,30.15,225,6.0,0.0,1
16549,23,24,9027.55,247,204.70833333333334,4154.64,0
16550,40,13,6581.5,363,302.3076923076923,2853.63,0
16551,49,4,1315.0,352,276.5,922.12,0
16553,22,21,10924.19,292,565.4761904761905,5719.82,0
16554,12,5,2004.6200000000001,350,188.8,837.1,0
16555,131,4,1629.79,131,410.25,285.89,0
16556,1,10,4698.79,358,246.3,3313.79,0
16558,5,18,4965.62,362,135.33333333333334,8907.89,0
16559,23,1,185.20000000000002,23,73.0,0.0,1
16560,23,6,2206.9700000000003,357,183.83333333333334,841.41,0
16562,102,1,223.85999999999999,102,264.0,0.0,1
16563,26,5,3345.02,364,422.0,1077.74,0
16564,195,1,87.8,195,40.0,0.0,1
16565,32,3,599.35,181,55.0,173.7,0
16568,53,2,1020.9000000000001,267,183.0,0.0,1
16569,257,4,1331.03,349,223.75,124.2,0
16570,5,10,3695.91,245,218.0,3738.4,0
16571,21,7,2827.05,257,352.0,1421.69,0
16574,49,2,850.34,284,293.0,451.44,0
16576,46,2,540.87,147,161.5,0.0,1
16577,292,1,380.0,292,142.0,0.0,1
16578,252,1,156.6,252,108.0,0.0,1
16579,51,1,295.05,51,119.0,0.0,1
16583,299,1,64.5,299,42.0,466.9,0
16584,58,3,2227.59,287,424.3333333333333,936.08,0
16585,219,2,341.59,321,75.5,0.0,1
16586,70,2,998.83,261,126.5,463.95,0
16588,12,4,1361.28,200,220.5,0.0,1
16589,76,1,153.12,76,168.0,459.24,0
16590,26,2,605.9,40,120.0,0.0,1
16592,1,12,3694.23,347,214.75,4113.68,0
16593,16,5,741.11,360,52.2,330.03,0
16595,2,4,1450.02,317,260.75,360.16,0
16596,315,2,208.83,355,41.5,370.8,0
16599,11,1,172.8,11,159.0,0.0,1
16600,0,7,1339.89,347,182.14285714285714,813.52,0
16601,16,2,439.45,249,130.5,244.79999999999998,0
16602,14,1,235.25,14,93.0,528.08,0
16604,188,2,432.45,194,87.5,0.0,1
16605,350,1,60.48,350,144.0,0.0,1
16606,30,2,357.66,60,74.0,0.0,1
16607,25,11,2359.16,215,143.36363636363637,3347.71,0
16608,79,2,1288.72,289,306.5,0.0,1
16611,29,5,1655.64,265,165.4,129.49,0
16612,5,5,2057.77,362,182.6,1187.66,0
16614,28,2,673.6,204,63.0,506.19,0
16615,252,1,291.5,252,211.0,0.0,1
16619,9,3,1712.1200000000001,281,307.3333333333333,226.21,0
16620,15,4,1579.97,364,264.5,178.96,0
16622,169,1,225.4,169,44.0,0.0,1
16623,27,3,885.79,218,134.33333333333334,129.45,0
16625,48,4,1320.95,169,223.25,333.08,0
16628,33,2,130.05,267,27.5,2188.05,0
16630,33,1,106.80000000000001,33,72.0,0.0,1
16631,107,7,1892.52,277,110.71428571428571,0.0,1
16632,111,2,406.4,207,128.0,0.0,1
16634,13,4,1431.91,313,293.75,382.7,0
16635,32,1,473.0,32,277.0,0.0,1
16636,64,4,3802.04,272,546.5,0.0,1
16638,33,5,699.4100000000001,104,74.4,1731.1200000000001,0
16639,35,1,490.47,35,241.0,1257.51,0
16640,23,1,179.4,23,146.0,0.0,1
16641,327,1,323.40000000000003,327,198.0,231.10000000000002,0
16642,41,1,389.12,41,296.0,688.33,0
16643,48,1,435.6,48,284.0,487.51,0
16645,361,1,160.39,361,117.0,0.0,1
16646,75,1,678.8,75,1072.0,0.0,1
16647,68,2,327.84,170,125.0,214.06,0
16648,81,2,382.14,216,111.0,290.65999999999997,0
16649,146,1,306.58000000000004,146,82.0,0.0,1
16650,46,6,1397.69,145,189.83333333333334,518.42,0
16651,212,1,136.2,212,60.0,0.0,1
16652,30,9,10776.42,258,466.0,6773.97,0
16654,62,4,882.8000000000001,238,89.5,828.67,0
16655,37,7,2753.85,303,235.14285714285714,3794.52,0
16656,46,15,8207.37,361,435.93333333333334,8625.8,0
16658,62,5,567.59,245,47.4,246.48,0
16660,48,3,611.9000000000001,320,140.0,1267.6499999999999,0
16661,166,4,986.63,348,96.25,0.0,1
16662,20,1,163.8,20,36.0,0.0,1
16663,355,1,165.0,355,100.0,0.0,1
16664,195,1,109.2,195,24.0,0.0,1
16666,247,1,106.96000000000001,247,134.0,118.98,0
16668,13,7,555.7,257,65.0,306.71999999999997,0
16670,19,9,3934.25,355,219.77777777777777,4095.9,0
16673,305,1,188.83,305,101.0,0.0,1
16675,67,2,608.86,104,148.0,0.0,1
16676,28,2,769.78,44,145.5,1592.1200000000001,0
16677,37,2,880.62,278,228.5,0.0,1
16679,20,2,533.56,173,109.0,259.5,0
16680,154,2,637.75,160,141.5,183.7,0
16681,267,1,151.5,267,85.0,1770.34,0
16683,159,1,320.25,159,190.0,0.0,1
16684,5,27,80489.21,358,2020.5555555555557,66653.56,0
16686,15,9,2008.09,359,164.44444444444446,3062.83,0
16687,16,1,157.63,16,141.0,0.0,1
16690,19,2,127.45,77,35.5,225.57999999999998,0
16691,44,2,178.83,187,46.0,0.0,1
16692,34,2,638.6999999999999,67,363.0,1276.0,0
16693,37,3,717.45,282,161.33333333333334,482.01,0
16694,349,1,98.30000000000001,349,26.0,0.0,1
16695,187,2,193.15,187,92.5,0.0,1
16699,6,7,994.6,361,91.42857142857143,0.0,1
16700,15,12,3754.2200000000003,363,218.33333333333334,5413.49,0
16701,49,13,4518.43,364,357.9230769230769,5398.3,0
16702,41,4,1110.83,358,173.0,0.0,1
16704,244,2,695.66,298,227.5,0.0,1
16705,26,22,29480.061,356,764.8181818181819,14034.99,0
16707,26,4,551.11,266,100.5,0.0,1
16709,5,9,6057.59,356,269.44444444444446,3029.87,0
16710,9,12,3490.58,361,197.16666666666666,2858.51,0
16711,5,4,1217.45,363,94.75,1651.03,0
16712,27,2,621.5600000000001,27,172.0,3645.43,0
16713,33,17,7223.13,350,248.11764705882354,7337.56,0
16714,296,1,368.27,296,239.0,1161.53,0
16715,188,1,323.8,188,532.0,301.71999999999997,0
16716,256,1,1248.48,256,792.0,901.2,0
16717,6,8,2820.6,358,160.625,4165.63,0
16718,215,4,2400.03,359,379.25,1247.5,0
16719,16,7,1752.15,352,169.42857142857142,2221.15,0
16720,2,2,640.24,348,148.5,155.24,0
16722,14,9,3458.75,362,331.6666666666667,5530.33,0
16723,69,2,712.48,361,301.5,589.15,0
16724,30,1,147.35,30,69.0,0.0,1
16725,8,7,978.94,352,60.857142857142854,903.17,0
16726,9,2,706.39,37,189.5,1382.02,0
16727,18,3,1164.6,314,310.6666666666667,272.82,0
16731,274,1,174.05,274,127.0,0.0,1
16732,29,3,3783.89,357,699.0,603.75,0
16733,155,1,259.68,155,112.0,0.0,1
16735,19,9,3970.0,357,300.8888888888889,2300.56,0
16736,131,5,2956.56,362,210.0,0.0,1
16737,203,1,417.59999999999997,203,288.0,417.59999999999997,0
16739,162,1,463.43,162,219.0,323.0,0
16740,21,1,236.81,21,116.0,0.0,1
16741,251,1,173.06,251,81.0,0.0,1
16742,118,13,2387.71,349,199.92307692307693,464.9,0
16743,82,7,2015.17,222,241.57142857142858,2238.09,0
16746,9,24,11368.74,361,301.7083333333333,6697.66,0
16748,14,9,2121.43,355,138.55555555555554,1515.9,0
16749,217,2,4387.08,350,1039.0,0.0,1
16754,26,28,63497.67,267,2116.8214285714284,4004.8,0
16755,93,4,1403.75,356,233.75,1496.83,0
16756,30,6,1072.97,266,100.16666666666667,239.4,0
16757,35,1,163.65,35,99.0,106.83000000000001,0
16760,56,1,228.0,56,168.0,0.0,1
16763,364,1,352.85,364,173.0,611.85,0
16765,8,1,420.75,8,307.0,34.0,0
16767,44,4,2493.2,216,671.5,5580.6,0
16768,9,6,1230.03,358,96.83333333333333,478.09000000000003,0
16769,104,3,761.36,351,72.66666666666667,380.39,0
16770,13,4,1031.23,100,150.0,900.9000000000001,0
16771,83,5,1720.79,356,165.0,2246.81,0
16772,49,3,3723.5499999999997,347,229.66666666666666,0.0,1
16773,62,2,249.65,359,40.5,171.59,0
16774,49,4,932.93,287,115.75,661.52,0
16775,7,5,1129.33,68,103.6,1927.56,0
16776,41,1,231.57,41,188.0,388.28,0
16777,39,3,1081.41,258,137.0,226.35,0
16779,4,31,22281.61,362,457.03225806451616,10986.630000000001,0
16780,32,1,180.36,32,84.0,425.19,0
16781,295,1,311.75,295,79.0,622.5,0
16782,0,25,7786.81,356,139.36,2651.6,0
16783,62,1,391.95,62,163.0,0.0,1
16784,2,4,788.93,247,118.0,107.6,0
16785,35,1,533.78,35,313.0,0.0,1
16786,19,1,51.839999999999996,19,72.0,0.0,1
16787,23,4,1035.43,324,118.5,0.0,1
16788,30,3,1352.82,296,224.66666666666666,597.48,0
16791,9,8,2316.91,362,138.875,1721.78,0
16792,9,3,513.08,330,93.33333333333333,110.38000000000001,0
16794,6,5,868.1999999999999,250,133.0,1222.71,0
16795,42,2,1662.63,309,490.5,829.76,0
16797,19,5,1827.77,363,181.8,0.0,1
16798,180,3,848.71,355,69.66666666666667,0.0,1
16799,58,2,495.98,79,88.0,0.0,1
16802,305,2,582.61,356,184.5,0.0,1
16805,203,3,636.65,357,194.33333333333334,460.59,0
16807,96,3,1002.29,249,218.33333333333334,1121.59,0
16809,58,4,812.74,231,110.25,914.69,0
16810,46,1,532.5,46,258.0,309.54,0
16812,4,3,1912.65,8,345.0,479.35,0
16814,11,15,5717.32,233,146.0,6782.39,0
16815,79,2,410.97,162,119.0,0.0,1
16817,0,4,955.95,57,144.75,1848.95,0
16819,91,2,182.59,91,126.5,0.0,1
16821,7,1,113.35,7,13.0,0.0,1
16822,312,1,181.39,312,171.0,0.0,1
16823,13,6,1901.71,363,172.0,358.38,0
16824,19,1,225.6,19,154.0,460.64,0
16825,4,3,1051.71,160,243.66666666666666,775.1800000000001,0
16827,19,5,392.13,215,25.0,0.0,1
16829,14,1,316.1,14,116.0,197.22,0
16830,68,3,881.59,352,145.0,325.91,0
16831,190,1,91.8,190,48.0,0.0,1
16832,54,2,218.45999999999998,84,73.0,199.15,0
16833,65,2,1302.51,249,219.0,1106.53,0
16834,300,1,485.5,300,402.0,413.46,0
16835,13,4,1275.81,195,108.75,262.6,0
16836,32,2,530.5,200,187.0,251.87,0
16838,156,2,570.76,289,162.0,588.85,0
16839,6,10,5163.9,292,232.0,17146.59,0
16840,229,2,139.85,300,58.5,0.0,1
16841,54,6,2136.2400000000002,322,204.66666666666666,1869.82,0
16843,48,19,9374.86,355,439.10526315789474,10196.57,0
16844,188,2,614.34,208,140.5,0.0,1
16845,244,1,253.88,244,167.0,0.0,1
16846,203,2,628.09,265,191.0,214.32,0
16847,244,1,421.45000000000005,244,177.0,193.44,0
16848,2,3,1130.2,58,199.33333333333334,281.42,0
16854,43,2,1408.96,266,498.5,0.0,1
16856,43,2,323.09000000000003,68,79.5,35.400000000000006,0
16857,68,1,352.8,68,168.0,0.0,1
16858,32,9,3916.9,350,148.0,751.3800000000001,0
16859,42,5,1184.6,271,214.4,747.81,0
16860,78,3,1610.62,288,208.33333333333334,0.0,1
16861,16,3,772.83,134,158.66666666666666,173.76,0
16862,173,4,662.33,327,128.25,0.0,1
16863,35,1,331.47,35,231.0,667.0500000000001,0
16864,60,2,409.25,224,141.5,0.0,1
16865,27,1,130.95,27,157.0,0.0,1
16867,315,1,76.74000000000001,315,58.0,0.0,1
16868,20,3,393.39,219,38.666666666666664,0.0,1
16870,95,1,450.15999999999997,95,278.0,0.0,1
16872,53,3,533.11,89,159.66666666666666,680.02,0
16873,55,6,7493.77,294,793.5,7123.62,0
16874,5,1,217.74,5,81.0,0.0,1
16875,63,6,2139.0,329,171.66666666666666,2095.53,0
16876,29,1,136.01,29,181.0,0.0,1
16880,119,1,321.78,119,158.0,1519.08,0
16883,107,17,1991.83,361,54.23529411764706,404.76,0
16884,182,2,644.08,196,100.5,429.84000000000003,0
16885,11,1,239.23000000000002,11,192.0,471.51,0
16886,82,1,134.0,82,48.0,0.0,1
16887,26,2,465.84000000000003,364,133.5,194.88,0
16888,26,3,437.15,327,49.0,0.0,1
16889,23,3,952.23,191,230.33333333333334,1578.67,0
16890,102,3,285.41,208,81.0,0.0,1
16891,104,6,1014.86,361,66.5,1041.96,0
16892,180,2,236.56,357,65.5,525.54,0
16893,2,1,109.91,2,58.0,291.86,0
16894,128,3,1324.06,161,169.0,0.0,1
16895,64,4,902.28,291,82.75,219.14,0
16896,181,1,103.95,181,18.0,0.0,1
16898,41,2,391.48,202,144.0,624.89,0
16899,4,2,439.46000000000004,23,148.0,1281.56,0
16901,355,1,204.26,355,42.0,0.0,1
16903,6,2,689.04,41,242.5,373.24,0
16904,4,5,1039.4,37,127.2,4092.9700000000003,0
16905,8,10,1677.32,354,54.3,3356.83,0
16906,54,3,869.03,201,110.66666666666667,579.77,0
16907,12,4,544.23,152,41.5,1163.67,0
16908,348,1,252.59,348,61.0,0.0,1
16911,261,2,255.25,287,80.5,0.0,1
16912,47,4,1904.93,356,166.0,2575.38,0
16913,277,2,310.46999999999997,277,73.5,113.44,0
16915,12,5,921.5,195,11.6,621.6800000000001,0
16916,29,2,349.06,41,110.5,774.34,0
16917,258,1,1466.31,258,561.0,391.52,0
16918,48,10,2144.47,362,134.8,1068.82,0
16919,15,13,2331.11,103,72.23076923076923,2794.8,0
16920,37,1,355.45,37,81.0,0.0,1
16921,68,2,276.88,226,64.0,169.79,0
16922,198,1,611.08,198,281.0,0.0,1
16923,1,13,6130.75,303,219.3846153846154,7247.61,0
16925,166,1,125.65,166,123.0,0.0,1
16926,82,4,960.85,152,41.75,460.5,0
16928,2,12,1149.3799999999999,300,45.666666666666664,2963.85,0
16931,6,2,477.35,23,111.5,4756.27,0
16932,49,2,278.77,197,71.0,161.94,0
16933,15,7,2618.02,356,179.85714285714286,563.23,0
16934,9,4,1160.06,247,135.0,950.9300000000001,0
16935,7,3,535.1,47,92.66666666666667,0.0,1
16936,11,1,288.49,11,169.0,262.68,0
16937,125,1,202.1,125,126.0,0.0,1
16938,7,5,4306.8,286,508.8,2736.38,0
16939,114,3,449.0,275,77.33333333333333,0.0,1
16940,76,5,3377.78,357,466.8,3049.88,0
16941,237,1,33.0,237,12.0,0.0,1
16943,165,2,482.76,250,1.0,816.73,0
16944,235,1,101.36,235,27.0,0.0,1
16945,19,14,4202.66,356,226.0,4345.5,0
16946,9,5,1222.04,273,101.8,0.0,1
16947,88,4,548.73,272,85.75,406.48,0
16948,55,4,433.75,282,119.25,435.02,0
16950,16,7,2433.81,310,259.42857142857144,1350.56,0
16952,67,3,631.17,354,84.0,167.61,0
16954,5,11,3996.7999999999997,316,275.6363636363636,2085.08,0
16955,180,2,601.64,303,228.5,707.77,0
16958,61,1,809.44,61,561.0,0.0,1
16960,16,5,1536.38,273,242.2,507.05,0
16961,14,2,560.39,158,178.5,234.17,0
16962,35,1,251.04,35,158.0,0.0,1
16964,359,2,207.85,359,24.5,0.0,1
16970,252,1,71.4,252,12.0,0.0,1
16972,8,2,786.25,82,95.0,0.0,1
16973,12,1,127.0,12,60.0,0.0,1
16974,148,2,365.5,190,35.0,0.0,1
16975,49,3,926.12,131,195.33333333333334,0.0,1
16977,21,4,496.0,257,35.5,0.0,1
16978,292,2,424.55,292,59.5,344.33,0
16979,9,3,1007.74,76,195.33333333333334,1852.0,0
16980,54,1,394.37,54,251.0,1078.96,0
16983,2,4,1615.48,72,255.5,2094.74,0
16984,30,7,6273.45,268,415.2857142857143,4481.35,0
16985,2,13,5459.04,355,97.76923076923077,5464.12,0
16986,71,9,3015.55,299,166.55555555555554,1873.2,0
16987,2,4,910.85,363,69.25,1625.05,0
16988,5,1,256.55,5,115.0,126.12,0
16990,48,1,165.0,48,100.0,179.0,0
16991,47,1,1041.21,47,793.0,0.0,1
16992,13,8,3862.19,292,150.125,1614.31,0
16993,89,2,1950.9499999999998,202,142.5,0.0,1
16996,8,3,666.6500000000001,43,125.0,1456.96,0
16998,70,1,107.0,70,28.0,295.0,0
17000,22,2,406.3,34,152.5,0.0,1
17001,2,8,2651.23,250,202.25,3989.57,0
17002,69,4,1077.82,267,146.5,1493.73,0
17003,28,4,830.16,204,123.75,0.0,1
17004,18,2,1012.22,50,231.0,1412.94,0
17005,96,2,742.36,214,393.5,0.0,1
17006,18,4,854.54,270,75.25,781.78,0
17007,63,1,230.17000000000002,63,120.0,889.9300000000001,0
17008,55,1,81.36,55,24.0,0.0,1
17009,177,1,242.06,177,336.0,0.0,1
17011,273,2,400.8,277,303.0,270.9,0
17012,351,1,384.16,351,268.0,0.0,1
17016,202,1,552.4,202,309.0,0.0,1
17017,6,9,3882.73,362,302.6666666666667,10227.88,0
17018,13,4,1367.6,360,70.0,920.1,0
17019,1,7,2380.77,363,227.57142857142858,1631.43,0
17020,168,2,935.62,272,430.0,0.0,1
17021,67,6,1182.22,214,165.33333333333334,0.0,1
17022,58,1,189.0,58,72.0,71.0,0
17023,43,3,800.18,323,176.66666666666666,0.0,1
17025,36,2,991.9,267,325.0,518.74,0
17026,43,1,21.0,43,10.0,187.98,0
17027,72,3,436.82,355,77.33333333333333,890.29,0
17028,207,3,1593.83,347,285.3333333333333,0.0,1
17029,8,5,1421.3,289,173.0,716.0,0
17031,4,4,2393.5,207,340.0,380.35,0
17032,173,8,3004.6,355,211.875,0.0,1
17033,23,1,302.65000000000003,23,121.0,1030.14,0
17034,35,2,538.4,139,145.0,745.52,0
17035,217,2,180.06,362,49.0,433.53000000000003,0
17036,9,1,176.9,9,76.0,0.0,1
17038,41,1,630.77,41,507.0,112.4,0
17039,230,1,1954.99,230,689.0,0.0,1
17040,176,1,13.52,176,8.0,449.73,0
17041,23,3,604.71,226,128.66666666666666,1081.57,0
17043,1,4,881.37,356,156.5,1735.18,0
17044,0,11,11013.82,358,474.3636363636364,948.48,0
17045,2,2,488.24,55,94.0,339.44,0
17046,70,4,1264.05,246,281.5,642.02,0
17047,57,3,1188.33,357,217.0,1100.9,0
17048,63,4,1146.33,316,145.75,925.35,0
17049,1,10,4287.5,271,160.0,5659.9800000000005,0
17050,1,5,1462.95,308,167.4,3228.84,0
17051,72,3,467.25,254,109.66666666666667,247.14000000000001,0
17055,71,1,239.55,71,87.0,0.0,1
17056,364,1,128.60000000000002,364,26.0,0.0,1
17057,222,1,294.74,222,129.0,0.0,1
17059,125,4,1785.13,308,314.5,3817.4,0
17062,23,2,375.42,65,117.0,832.8000000000001,0
17063,33,6,2177.39,364,188.16666666666666,1461.14,0
17065,263,2,194.7,263,41.0,0.0,1
17066,352,1,228.34,352,93.0,0.0,1
17067,350,3,454.54,357,107.33333333333333,0.0,1
17068,5,26,4442.79,247,84.26923076923077,4718.29,0
17069,6,5,2807.5299999999997,362,344.8,2986.75,0
17070,36,1,133.18,36,101.0,312.14,0
17071,7,4,1372.17,310,184.5,2429.03,0
17072,251,1,282.05,251,218.0,0.0,1
17074,188,1,203.05,188,19.0,0.0,1
17075,55,6,1407.61,351,82.5,834.12,0
17076,18,3,401.66999999999996,361,73.0,841.0799999999999,0
17077,204,1,306.0,204,36.0,0.0,1
17080,5,5,669.91,152,80.6,287.62,0
17081,21,4,674.23,281,77.75,290.16,0
17082,20,4,2728.18,350,369.25,2003.85,0
17083,35,6,2644.01,294,197.16666666666666,1405.78,0
17084,22,1,2253.22,22,1476.0,2949.75,0
17085,2,23,6324.76,359,122.47826086956522,1566.65,0
17087,363,1,221.53,363,113.0,0.0,1
17089,12,1,128.45,12,35.0,0.0,1
17090,0,6,1105.53,134,73.5,2043.95,0
17091,26,10,3689.89,349,199.8,4121.21,0
17092,63,7,3817.18,301,381.42857142857144,1777.78,0
17093,218,1,235.88,218,114.0,0.0,1
17094,49,1,100.2,49,60.0,302.0,0
17095,56,4,1248.09,350,269.25,1324.16,0
17096,9,7,2737.05,181,176.0,1022.13,0
17097,56,1,211.31,56,134.0,1129.14,0
17098,7,3,591.0699999999999,166,41.666666666666664,0.0,1
17099,159,1,582.17,159,317.0,0.0,1
17101,20,3,885.3199999999999,176,120.0,1621.73,0
17103,348,1,424.3,348,471.0,0.0,1
17104,49,1,474.03,49,149.0,0.0,1
17106,15,1,491.23,15,156.0,0.0,1
17107,23,4,5259.99,303,676.75,10815.43,0
17108,289,1,174.95,289,31.0,0.0,1
17109,32,2,410.42,123,100.0,885.04,0
17110,146,2,347.4,236,46.0,163.29999999999998,0
17111,51,1,227.97,51,299.0,248.61,0
17112,128,1,205.17,128,134.0,0.0,1
17113,200,6,2322.59,323,152.5,0.0,1
17115,174,4,1923.99,360,128.25,837.5,0
17116,274,1,389.78,274,392.0,0.0,1
17121,28,1,314.74,28,106.0,0.0,1
17122,14,3,432.18,125,96.0,138.32,0
17123,65,2,631.87,198,215.0,345.29999999999995,0
17126,7,4,1065.69,91,169.0,1004.75,0
17127,54,5,1155.0300000000002,361,68.0,0.0,1
17129,146,1,31.85,146,5.0,0.0,1
17132,78,2,1272.8,114,490.0,0.0,1
17133,100,5,9730.09,254,1475.4,4892.240000000001,0
17134,68,1,212.1,68,46.0,425.0,0
17135,35,3,598.85,205,158.66666666666666,1355.31,0
17136,288,1,231.68,288,256.0,0.0,1
17137,42,6,1133.63,303,116.16666666666667,0.0,1
17138,15,6,4036.77,299,316.3333333333333,380.5,0
17139,15,13,8915.99,323,359.7692307692308,10668.47,0
17141,44,4,754.33,310,109.0,0.0,1
17142,30,3,704.75,310,80.66666666666667,579.0,0
17143,43,2,924.11,141,165.0,0.0,1
17145,138,4,3120.91,284,647.75,0.0,1
17146,61,10,5110.46,301,198.0,749.78,0
17147,78,5,1485.36,323,85.2,1714.59,0
17149,77,1,143.10000000000002,77,18.0,0.0,1
17150,2,6,1375.65,359,67.16666666666667,0.0,1
17151,361,1,231.90000000000003,361,42.0,0.0,1
17152,51,1,327.0,51,60.0,1689.5,0
17155,153,5,640.76,362,149.0,251.70000000000002,0
17156,117,1,591.87,117,391.0,0.0,1
17157,106,17,4832.9,361,112.94117647058823,319.0,0
17158,173,2,713.03,268,184.5,1266.97,0
17159,103,2,560.71,271,118.5,1538.88,0
17160,0,11,6691.13,361,503.09090909090907,3518.03,0
17161,70,1,856.01,70,537.0,0.0,1
17163,71,2,406.68,301,232.5,293.1,0
17165,7,5,1635.64,354,137.6,158.68,0
17167,5,3,867.11,71,143.0,0.0,1
17168,124,1,400.2,124,220.0,0.0,1
17169,204,1,320.95,204,145.0,835.78,0
17170,0,2,178.68,15,76.0,0.0,1
17171,287,1,159.68,287,40.0,224.91,0
17172,56,2,638.81,352,367.5,317.76,0
17176,152,2,596.1899999999999,303,203.0,306.13,0
17177,131,1,119.5,131,40.0,0.0,1
17178,357,1,436.71,357,101.0,0.0,1
17179,8,3,795.47,188,111.66666666666667,711.79,0
17180,48,7,1460.95,313,163.57142857142858,796.03,0
17181,221,1,69.93,221,27.0,395.44,0
17182,48,2,321.3,344,27.0,0.0,1
17184,195,2,198.41000000000003,356,36.5,0.0,1
17185,217,3,229.46,224,39.666666666666664,0.0,1
17187,152,1,263.76,152,282.0,203.95,0
17188,72,6,2118.7000000000003,357,206.83333333333334,2474.23,0
17189,186,3,573.23,363,125.66666666666667,384.40000000000003,0
17190,29,5,1298.3,270,412.8,444.74,0
17191,39,8,2230.81,364,131.125,2605.2400000000002,0
17192,162,1,77.83,162,46.0,0.0,1
17193,12,2,610.74,363,207.0,1699.3000000000002,0
17194,156,1,549.88,156,301.0,262.62,0
17195,281,1,562.98,281,486.0,0.0,1
17196,53,1,352.9,53,168.0,0.0,1
17199,208,1,145.12,208,304.0,0.0,1
17200,13,4,356.71,278,91.75,0.0,1
17201,149,3,899.41,293,269.0,342.63,0
17202,46,1,160.65,46,55.0,0.0,1
17203,14,4,2012.03,14,439.0,3563.85,0
17204,0,5,3940.13,173,401.0,1564.56,0
17205,42,2,615.27,190,665.0,384.08,0
17207,278,1,303.21999999999997,278,241.0,0.0,1
17208,21,1,115.35,21,103.0,0.0,1
17209,275,3,611.6,362,243.66666666666666,0.0,1
17210,18,1,253.37,18,243.0,0.0,1
17211,44,5,1456.13,352,163.6,2590.52,0
17212,84,2,567.5600000000001,112,290.0,226.85,0
17213,123,6,2088.17,350,151.83333333333334,3094.13,0
17215,90,1,186.15,90,104.0,0.0,1
17216,180,1,65.05,180,22.0,0.0,1
17217,245,1,104.5,245,71.0,113.5,0
17218,4,8,1939.42,309,138.875,2253.26,0
17219,42,1,144.9,42,99.0,114.23,0
17220,43,7,1283.5,314,113.42857142857143,3198.25,0
17221,217,3,643.39,233,142.33333333333334,335.13,0
17222,103,5,1250.86,324,147.0,354.15,0
17223,1,1,153.9,1,46.0,719.63,0
17224,127,1,100.86,127,65.0,0.0,1
17225,207,1,131.15,207,36.0,0.0,1
17226,70,2,506.63,291,224.5,393.49,0
17227,7,6,940.46,319,156.83333333333334,1081.57,0
17228,81,5,915.1999999999999,263,165.0,2262.04,0
17230,189,10,6286.54,357,225.2,3638.41,0
17231,15,15,4022.72,358,133.06666666666666,3174.32,0
17233,74,2,369.98,350,83.5,190.88,0
17235,12,6,1012.92,179,103.5,891.96,0
17236,36,6,1013.13,268,55.0,916.13,0
17237,1,2,687.39,7,155.0,314.69,0
17238,8,15,3668.36,364,118.13333333333334,4114.74,0
17239,13,3,806.95,152,121.66666666666667,382.5,0
17240,222,1,130.6,222,108.0,0.0,1
17241,11,12,2744.14,288,72.08333333333333,0.0,1
17242,82,3,1754.24,310,282.6666666666667,1135.04,0
17243,2,43,11956.11,364,110.13953488372093,8933.75,0
17244,9,4,871.14,359,200.75,954.9,0
17245,315,1,200.18,315,232.0,171.45,0
17246,172,2,38.92,364,18.0,0.0,1
17248,107,1,227.51,107,79.0,318.65,0
17249,54,1,68.03,54,79.0,0.0,1
17251,8,2,529.15,350,134.5,283.28000000000003,0
17254,27,1,198.29,27,146.0,272.44,0
17255,16,2,500.72,72,181.0,298.41,0
17256,107,3,258.93,226,52.666666666666664,240.0,0
17257,62,2,192.73,62,94.0,0.0,1
17258,22,2,417.3,291,94.0,0.0,1
17259,71,4,904.33,281,118.25,985.01,0
17260,37,1,120.95,37,23.0,0.0,1
17261,135,1,230.44,135,98.0,0.0,1
17262,104,6,1235.4,350,44.666666666666664,1522.22,0
17264,50,1,279.59,50,227.0,0.0,1
17266,125,2,207.09,266,45.5,310.64,0
17268,71,7,970.25,357,78.71428571428571,763.64,0
17269,11,1,537.46,11,336.0,0.0,1
17270,95,2,604.4,358,210.5,0.0,1
17271,362,1,210.39,362,117.0,0.0,1
17273,50,1,141.12,50,133.0,0.0,1
17274,21,1,465.4,21,194.0,111.97999999999999,0
17275,9,1,114.52,9,72.0,0.0,1
17276,28,1,508.39,28,189.0,0.0,1
17278,191,1,25.2,191,16.0,246.04,0
17280,64,1,118.85999999999999,64,74.0,0.0,1
17281,0,6,797.8499999999999,299,49.166666666666664,0.0,1
17282,82,2,636.25,174,237.0,1703.41,0
17283,4,1,188.46,4,179.0,0.0,1
17284,15,2,1140.58,71,353.5,1652.58,0
17285,254,2,428.34,289,70.0,0.0,1
17286,26,2,241.56,26,126.5,153.92,0
17287,13,14,2825.15,362,102.42857142857143,1286.81,0
17288,16,4,1080.25,20,125.75,1419.73,0
17289,2,6,1134.98,267,123.33333333333333,944.41,0
17290,7,6,976.2,352,123.83333333333333,525.24,0
17292,98,2,271.75,205,65.5,0.0,1
17293,20,8,1899.1200000000001,362,136.75,1875.1100000000001,0
17294,295,2,467.78999999999996,295,148.5,0.0,1
17296,356,1,338.13,356,216.0,0.0,1
17298,0,3,459.14,267,155.66666666666666,498.42,0
17299,65,2,346.97,107,128.0,669.11,0
17300,16,2,393.64,107,233.5,0.0,1
17301,250,1,132.8,250,80.0,197.63,0
17304,160,1,111.5,160,73.0,0.0,1
17305,274,1,2135.46,274,1006.0,0.0,1
17306,19,2,1151.04,29,1128.0,8631.31,0
17307,21,11,3999.8900000000003,315,333.3636363636364,0.0,1
17308,19,2,4511.76,78,2574.0,0.0,1
17309,7,2,247.84,299,76.0,82.75,0
17310,13,2,1025.1,160,201.0,0.0,1
17311,18,4,2181.71,300,437.5,1384.85,0
17314,19,9,2376.51,362,196.33333333333334,2527.92,0
17315,1,5,3358.34,64,247.2,6292.26,0
17316,46,1,124.45,46,44.0,0.0,1
17318,351,1,164.28,351,60.0,0.0,1
17319,295,1,29.1,295,14.0,0.0,1
17320,64,3,1244.23,313,182.66666666666666,1651.54,0
17321,20,4,1040.32,203,111.0,700.86,0
17322,2,5,922.59,362,126.2,0.0,1
17323,32,5,644.52,324,133.2,921.07,0
17324,77,8,1184.5900000000001,347,80.25,1117.28,0
17325,36,2,512.77,267,202.5,96.8,0
17326,34,2,321.95,155,70.0,0.0,1
17327,35,2,152.35,188,29.5,0.0,1
17328,299,1,104.7,299,86.0,0.0,1
17329,357,3,481.32,362,96.66666666666667,523.11,0
17330,170,2,59.900000000000006,273,1.0,363.9,0
17332,154,5,838.27,282,158.8,0.0,1
17334,32,1,328.13,32,251.0,307.02,0
17335,9,2,508.0,310,108.0,0.0,1
17336,98,1,81.12,98,48.0,0.0,1
17338,1,9,5498.64,265,305.6666666666667,6643.93,0
17339,135,1,59.0,135,20.0,303.36,0
17340,26,7,7380.26,289,511.14285714285717,15024.56,0
17341,166,2,594.87,166,194.5,1294.96,0
17342,5,4,1227.54,295,130.25,0.0,1
17343,2,5,1066.3,362,79.6,193.64,0
17344,354,1,307.54,354,147.0,160.57,0
17345,1,6,1066.94,364,277.8333333333333,537.74,0
17346,11,11,2499.83,226,173.45454545454547,2823.17,0
17348,63,4,1316.8899999999999,265,348.0,1159.52,0
17349,6,4,741.5,257,182.0,110.75,0
17350,20,3,619.971,302,140.33333333333334,1286.07,0
17351,53,9,1401.08,355,30.0,587.15,0
17352,322,1,36.25,322,15.0,0.0,1
17353,117,2,1502.0,250,484.0,1740.0,0
17354,54,3,1750.3999999999999,54,509.6666666666667,1393.06,0
17355,12,1,285.11,12,257.0,0.0,1
17356,180,4,768.25,314,189.75,178.22,0
17358,2,3,500.2,279,80.0,365.85,0
17359,274,1,156.6,274,76.0,127.86,0
17360,11,3,645.59,60,100.33333333333333,585.79,0
17361,302,2,392.44,302,113.0,488.2,0
17362,26,5,711.8100000000001,328,71.6,312.23,0
17363,21,3,940.86,28,174.33333333333334,0.0,1
17364,2,17,7589.24,358,283.05882352941177,4481.18,0
17365,12,7,3423.42,302,468.42857142857144,4801.56,0
17366,58,2,1096.24,81,255.0,0.0,1
17368,1,6,913.47,350,158.66666666666666,1912.67,0
17369,81,1,979.1999999999999,81,1152.0,0.0,1
17371,249,3,238.66,357,43.666666666666664,423.89,0
17372,7,20,3034.88,362,56.35,1342.68,0
17373,44,3,520.58,275,110.0,646.92,0
17374,21,1,231.34,21,70.0,495.77,0
17375,57,1,260.45,57,113.0,400.1,0
17376,30,2,250.44,148,79.0,203.2,0
17377,4,58,13630.19,363,91.79310344827586,4689.22,0
17378,0,1,10.95,0,1.0,0.0,1
17380,60,3,645.0,160,84.0,0.0,1
17381,21,9,16123.039999999999,174,1914.4444444444443,23879.33,0
17382,61,7,836.88,195,61.714285714285715,65.4,0
17383,79,1,110.69999999999999,79,12.0,199.29,0
17384,93,1,171.15,93,33.0,336.4,0
17386,11,1,126.35000000000001,11,53.0,2686.42,0
17388,46,7,1432.01,355,214.14285714285714,1259.56,0
17389,0,27,25391.0,361,380.3703703703704,31833.68,0
17390,46,1,149.3,46,49.0,0.0,1
17392,76,1,168.65,76,173.0,457.91,0
17393,36,2,381.15,114,119.0,0.0,1
17395,134,1,97.5,134,66.0,0.0,1
17396,35,6,1078.8,67,51.333333333333336,7728.3,0
17397,42,1,536.77,42,443.0,696.41,0
17400,207,3,2547.09,348,367.3333333333333,2129.96,0
17401,167,1,114.85,167,34.0,0.0,1
17402,6,10,2002.36,349,75.0,3093.8199999999997,0
17403,76,1,118.95,76,77.0,281.62,0
17404,35,8,15874.3,327,2241.375,31906.82,0
17406,70,10,2002.53,359,106.7,2902.52,0
17407,37,1,552.9,37,426.0,0.0,1
17408,126,2,283.44000000000005,140,80.0,32.65,0
17409,47,8,7021.66,354,498.0,771.85,0
17411,12,2,646.44,362,151.0,778.94,0
17412,11,9,2962.16,363,201.77777777777777,1455.36,0
17413,30,2,560.14,195,151.0,0.0,1
17414,49,4,1471.52,362,1039.0,778.0,0
17416,19,15,10405.03,351,297.8,6893.42,0
17417,174,1,164.18,174,76.0,0.0,1
17418,13,1,206.60000000000002,13,232.0,463.46000000000004,0
17419,12,6,1899.68,309,168.0,4600.84,0
17420,16,3,354.75,27,60.333333333333336,729.68,0
17421,12,3,1059.41,361,269.0,0.0,1
17422,7,5,1615.39,160,257.0,1979.37,0
17423,19,1,420.54,19,331.0,698.41,0
17426,78,7,3040.51,286,299.0,5037.26,0
17428,0,17,14209.91,364,463.6470588235294,17609.85,0
17429,22,2,832.54,55,331.0,524.9200000000001,0
17430,12,2,356.81,105,132.5,378.36,0
17432,11,7,1385.6299999999999,362,115.57142857142857,365.76,0
17433,11,1,266.8,11,120.0,303.15999999999997,0
17435,37,1,331.35,37,195.0,0.0,1
17436,34,3,317.76,358,29.333333333333332,216.29999999999998,0
17437,155,1,373.17,155,284.0,0.0,1
17438,70,4,1034.32,267,112.5,388.45000000000005,0
17439,281,1,325.74,281,370.0,0.0,1
17440,175,1,137.16,175,36.0,186.42000000000002,0
17441,358,1,293.35,358,245.0,0.0,1
17442,7,9,2371.74,288,182.0,2248.56,0
17448,123,46,14556.97,271,251.04347826086956,0.0,1
17449,13,6,2430.29,356,235.5,2520.86,0
17450,33,5,50393.46,64,2788.2,196579.63,0
17454,88,6,1030.41,319,80.66666666666667,517.53,0
17456,82,1,725.7,82,286.0,499.72,0
17457,5,9,4247.11,358,207.66666666666666,1737.7,0
17458,7,1,213.08,7,112.0,316.5,0
17460,12,10,1535.54,312,71.8,692.73,0
17463,186,2,661.5,215,197.5,1896.41,0
17464,148,2,710.98,245,216.0,289.96000000000004,0
17465,51,7,2542.79,362,211.0,0.0,1
17467,21,1,102.6,21,20.0,0.0,1
17468,1,1,57.8,1,68.0,137.0,0
17469,26,12,3180.28,349,126.41666666666667,1870.97,0
17470,22,6,1501.3999999999999,134,176.0,1303.47,0
17471,100,1,321.65000000000003,100,153.0,0.0,1
17472,254,1,224.81,254,96.0,710.29,0
17473,34,2,607.0,82,135.0,0.0,1
17474,225,1,1047.0,225,200.0,0.0,1
17476,21,2,489.86,363,112.0,0.0,1
17477,238,2,1144.3,273,112.5,0.0,1
17478,34,2,1272.8,259,258.0,0.0,1
17479,258,1,389.26000000000005,258,266.0,0.0,1
17480,70,1,390.21,70,255.0,511.82,0
17482,113,2,778.19,204,120.5,0.0,1
17483,40,1,177.69,40,74.0,414.04,0
17484,202,2,209.57,250,169.5,0.0,1
17487,354,1,160.55,354,37.0,0.0,1
17488,267,1,336.5,267,136.0,0.0,1
17490,14,2,658.18,195,198.5,2092.32,0
17491,8,7,2094.8,216,192.71428571428572,3886.27,0
17492,104,2,747.85,144,147.5,374.57,0
17493,11,1,100.91000000000001,11,62.0,0.0,1
17494,127,1,54.699999999999996,127,26.0,0.0,1
17495,16,1,309.16,16,138.0,497.56,0
17496,189,3,1141.84,320,198.66666666666666,271.05,0
17497,16,2,287.25,236,29.5,0.0,1
17499,187,1,718.51,187,375.0,622.88,0
17504,6,9,6568.09,295,428.1111111111111,2997.0299999999997,0
17505,176,3,1289.64,231,228.66666666666666,1145.84,0
17508,7,7,4191.92,358,371.7142857142857,387.31,0
17510,46,1,206.07999999999998,46,208.0,308.48,0
17511,6,29,81070.49,363,1814.655172413793,94533.06,0
17512,78,8,2542.83,355,335.125,2924.9900000000002,0
17513,34,2,645.6,105,93.0,513.2,0
17514,295,1,334.18,295,160.0,208.65,0
17515,20,5,978.4399999999999,176,57.0,639.02,0
17516,4,1,189.47,4,111.0,768.08,0
17518,51,2,329.42,247,133.5,0.0,1
17519,68,9,2930.15,364,221.55555555555554,2179.32,0
17521,20,2,554.85,60,143.5,723.2099999999999,0
17524,64,2,394.14,64,136.0,145.0,0
17525,23,2,739.2,54,128.0,422.70000000000005,0
17526,1,8,2743.34,348,141.5,1422.7,0
17529,236,2,1240.25,323,395.0,0.0,1
17530,207,2,455.87,359,122.5,2685.64,0
17531,153,2,970.12,244,168.0,296.7,0
17532,11,1,65.34,11,30.0,0.0,1
17533,60,1,34.8,60,24.0,0.0,1
17534,77,4,1445.47,278,189.25,223.36,0
17536,46,2,288.33,308,97.5,76.5,0
17539,243,4,1226.57,352,186.75,0.0,1
17540,9,4,1011.7,225,98.5,578.9,0
17541,135,1,124.46,135,46.0,0.0,1
17542,267,2,170.95,267,95.0,170.75,0
17543,175,1,120.05,175,62.0,0.0,1
17544,16,3,960.69,16,146.33333333333334,0.0,1
17545,16,3,802.58,203,130.66666666666666,645.96,0
17547,1,2,727.85,291,111.5,0.0,1
17548,4,3,627.96,22,145.33333333333334,103.3,0
17550,23,6,2280.48,296,150.5,267.16,0
17552,64,8,1856.36,253,154.0,1228.93,0
17553,98,3,2270.0,236,413.3333333333333,1487.6,0
17555,51,3,574.48,212,132.66666666666666,483.26,0
17556,5,1,142.77,5,83.0,157.9,0
17557,358,1,34.0,358,4.0,541.46,0
17558,19,1,259.17,19,54.0,0.0,1
17559,138,1,167.62,138,270.0,0.0,1
17560,21,4,1040.85,286,238.25,854.95,0
17561,16,3,554.72,359,83.33333333333333,167.62,0
17563,204,2,392.38,237,128.0,0.0,1
17565,212,1,131.83,212,67.0,0.0,1
17567,67,1,506.6,67,276.0,4849.43,0
17568,259,1,382.79,259,283.0,0.0,1
17570,7,1,100.0,7,1.0,0.0,1
17571,168,1,205.23999999999998,168,115.0,1498.51,0
17572,14,6,425.46000000000004,350,38.666666666666664,297.55,0
17575,293,1,171.7,293,72.0,0.0,1
17576,7,22,5314.48,362,122.22727272727273,3742.33,0
17577,271,2,348.75,294,89.5,0.0,1
17578,100,6,903.87,155,65.16666666666667,143.45999999999998,0
17579,204,1,304.38,204,117.0,448.90000000000003,0
17580,2,2,329.55,48,68.0,215.72,0
17581,19,18,6925.93,362,200.22222222222223,11831.82,0
17582,72,4,1275.43,249,120.75,175.27,0
17583,186,1,135.95,186,55.0,0.0,1
17584,93,4,4067.12,309,501.5,1242.3,0
17585,71,3,960.23,104,289.3333333333333,1133.07,0
17586,245,1,167.4,245,68.0,0.0,1
17587,254,1,181.66,254,68.0,0.0,1
17588,22,4,1699.35,263,175.75,1240.2,0
17589,11,14,11645.7,268,511.2142857142857,2404.17,0
17591,317,1,144.1,317,31.0,2632.57,0
17592,364,1,148.3,364,38.0,0.0,1
17593,35,6,4168.46,361,417.6666666666667,3927.34,0
17594,75,2,1504.7,230,409.0,993.18,0
17596,65,6,1700.12,350,448.1666666666667,3220.55,0
17597,44,4,1439.72,209,259.75,2044.3700000000001,0
17598,7,1,409.98,7,126.0,0.0,1
17599,103,1,52.05,103,11.0,0.0,1
17601,6,1,305.46999999999997,6,196.0,116.00999999999999,0
17602,98,8,2348.16,245,223.125,5102.97,0
17603,243,3,1398.76,355,188.66666666666666,394.72,0
17604,48,4,636.57,307,111.75,309.36,0
17605,216,1,160.75,216,71.0,0.0,1
17606,363,1,87.30000000000001,363,42.0,0.0,1
17607,2,1,333.81,2,269.0,0.0,1
17608,75,2,305.11,233,153.5,193.42,0
17609,28,6,782.12,235,100.33333333333333,1112.22,0
17610,166,5,1529.49,359,180.4,0.0,1
17611,47,13,4387.76,364,215.07692307692307,3984.22,0
17612,4,12,3346.41,348,142.75,2048.45,0
17615,13,3,403.6,111,82.0,329.6,0
17616,77,1,163.2,77,64.0,897.5999999999999,0
17617,184,1,395.33,184,255.0,0.0,1
17618,9,8,3101.66,310,186.125,971.58,0
17621,30,3,1795.22,57,198.66666666666666,1379.9,0
17622,223,2,1130.21,224,189.5,0.0,1
17623,35,6,1856.6200000000001,351,89.33333333333333,527.0500000000001,0
17624,63,2,725.15,345,202.0,843.48,0
17625,72,4,4020.8,350,588.25,2047.0,0
17626,228,1,254.0,228,202.0,0.0,1
17627,104,1,296.36,104,676.0,0.0,1
17629,14,2,641.4,47,137.0,1814.12,0
17631,0,4,470.16,356,64.25,528.33,0
17633,5,3,732.55,15,85.0,1324.84,0
17635,50,3,1265.58,216,256.6666666666667,0.0,1
17638,273,2,842.4,347,216.0,0.0,1
17639,13,5,506.67,109,105.4,108.5,0
17640,5,5,2547.28,252,288.4,621.66,0
17642,55,3,1112.2,360,333.6666666666667,712.29,0
17643,131,1,338.15000000000003,131,155.0,203.1,0
17644,20,9,3132.96,287,186.22222222222223,2895.64,0
17646,43,9,2890.4,349,109.44444444444444,1259.39,0
17647,295,2,198.6,295,26.0,133.06,0
17648,11,1,418.87,11,467.0,1797.5,0
17649,95,2,710.4,98,162.0,868.49,0
17651,124,6,1758.52,152,162.33333333333334,3945.0,0
17655,8,2,337.44,42,76.0,3315.04,0
17657,56,1,126.0,56,60.0,0.0,1
17659,11,2,587.53,12,113.5,3247.26,0
17660,363,1,163.47,363,138.0,196.0,0
17662,287,2,412.92,348,92.0,0.0,1
17663,43,10,3372.92,271,150.0,1802.91,0
17664,100,2,561.59,246,227.0,604.64,0
17665,119,1,563.1,119,690.0,0.0,1
17666,103,3,1319.6399999999999,153,318.6666666666667,728.16,0
17667,61,4,1895.19,280,289.75,2055.51,0
17669,88,3,2735.63,243,529.6666666666666,3406.7200000000003,0
17671,1,1,436.45,1,215.0,1966.89,0
17672,43,5,2600.46,308,213.6,3178.17,0
17673,1,7,2604.46,256,264.42857142857144,1629.12,0
17675,6,39,17268.2,355,200.51282051282053,20991.4,0
17676,42,4,1077.46,245,210.5,1688.38,0
17677,25,24,18713.08,349,464.5416666666667,17979.83,0
17678,229,1,301.65,229,161.0,298.11,0
17679,147,5,1585.5,362,205.2,1992.1100000000001,0
17680,9,2,313.05,137,29.5,184.4,0
17681,223,5,731.2,319,90.0,0.0,1
17682,67,5,1590.95,267,182.8,2865.83,0
17683,11,3,819.01,180,260.3333333333333,0.0,1
17685,18,5,2299.12,292,313.4,3644.05,0
17686,49,2,2557.35,159,552.5,5739.46,0
17687,46,1,432.68,46,210.0,0.0,1
17688,19,1,304.2,19,114.0,0.0,1
17689,14,2,317.08,100,150.0,0.0,1
17690,8,5,2241.95,300,234.2,5206.15,0
17691,25,2,347.15,172,90.5,432.90000000000003,0
17692,22,8,2234.86,166,208.25,740.9399999999999,0
17694,137,2,1412.85,188,654.5,283.12,0
17695,20,3,980.7,306,343.3333333333333,765.34,0
17696,8,19,5393.88,355,217.6315789473684,2285.71,0
17699,102,2,442.0,187,104.0,0.0,1
17700,7,10,4145.33,364,220.3,2534.64,0
17702,9,2,1319.67,26,400.0,1824.37,0
17703,44,1,296.1,44,307.0,798.74,0
17705,81,2,260.38,202,169.0,1823.52,0
17706,9,14,9767.66,315,280.35714285714283,10982.32,0
17707,2,6,456.90000000000003,358,67.0,152.4,0
17708,28,2,620.85,49,148.5,267.08,0
17709,96,4,533.56,229,69.5,137.45,0
17710,49,1,293.5,49,158.0,0.0,1
17713,8,4,1198.09,174,247.25,0.0,1
17714,50,4,1257.18,139,129.0,153.0,0
17715,218,1,163.2,218,192.0,326.4,0
17716,22,13,10300.98,363,442.0769230769231,5655.99,0
17717,47,1,376.92,47,344.0,0.0,1
17718,270,1,299.83,270,191.0,139.35,0
17720,5,6,1470.97,204,168.83333333333334,1297.94,0
17721,285,1,307.21000000000004,285,107.0,0.0,1
17722,1,1,1096.18,1,817.0,3334.18,0
17723,1,1,102.0,1,120.0,3276.4000000000005,0
17726,21,7,1092.06,308,63.42857142857143,0.0,1
17728,30,2,1362.75,79,338.5,2876.01,0
17729,222,1,438.65000000000003,222,247.0,0.0,1
17730,8,7,2475.32,215,246.28571428571428,5298.4800000000005,0
17731,247,2,468.88,294,107.0,1240.11,0
17732,12,7,1862.45,113,137.85714285714286,607.94,0
17734,151,3,741.69,268,106.33333333333333,700.63,0
17735,11,7,3680.31,123,320.57142857142856,13564.62,0
17738,21,9,2304.51,256,194.11111111111111,1879.05,0
17739,0,11,4939.24,358,134.0,2791.35,0
17740,15,6,426.9,323,37.0,0.0,1
17741,32,2,101.1,186,57.0,0.0,1
17742,54,9,1743.3700000000001,364,62.666666666666664,355.11,0
17743,74,1,229.2,74,96.0,0.0,1
17744,6,1,326.74,6,414.0,2322.4,0
17745,103,2,600.34,181,82.0,0.0,1
17746,97,3,793.9300000000001,236,219.66666666666666,110.25,0
17748,153,1,358.15,153,111.0,0.0,1
17749,172,1,351.66,172,126.0,674.52,0
17751,47,1,157.85999999999999,47,147.0,0.0,1
17753,90,4,390.56,328,32.0,0.0,1
17754,0,8,2805.27,354,321.5,1772.26,0
17756,1,3,733.7,20,133.33333333333334,0.0,1
17757,4,26,3524.71,321,65.5,5897.74,0
17758,53,4,1555.83,194,286.25,3456.7000000000003,0
17759,19,2,441.92,209,134.0,834.99,0
17760,42,4,458.8,275,73.0,460.13,0
17762,82,1,129.75,82,129.0,0.0,1
17763,279,3,71.15,285,9.666666666666666,15.0,0
17764,28,3,804.82,362,111.33333333333333,818.8199999999999,0
17765,74,1,158.92,74,53.0,371.88,0
17766,7,2,299.61,7,77.5,0.0,1
17767,36,1,141.85,36,70.0,271.2,0
17768,13,4,1236.33,363,311.75,2273.1800000000003,0
17769,9,7,3105.1,315,187.71428571428572,3997.98,0
17771,62,2,141.6,215,43.0,245.81,0
17772,18,1,202.0,18,64.0,182.77,0
17773,140,2,585.27,316,130.0,0.0,1
17774,23,5,2102.64,295,219.4,1225.41,0
17776,12,2,338.56,349,138.5,0.0,1
17778,287,1,197.70000000000002,287,214.0,0.0,1
17780,293,3,352.91,310,52.666666666666664,0.0,1
17782,8,2,679.02,8,269.0,0.0,1
17783,138,1,96.44,138,85.0,283.47,0
17784,176,1,112.86,176,72.0,0.0,1
17785,71,2,271.44,191,80.0,131.94,0
17789,287,1,171.25,287,125.0,225.9,0
17790,4,6,818.06,170,92.16666666666667,1965.55,0
17792,93,2,370.05,104,75.5,0.0,1
17794,312,2,147.3,314,23.0,0.0,1
17796,4,3,549.44,47,57.666666666666664,812.55,0
17797,21,5,1205.44,350,118.4,780.43,0
17798,207,1,183.09,207,142.0,0.0,1
17799,15,10,3285.96,352,194.9,3055.93,0
17801,77,3,798.3299999999999,317,279.3333333333333,0.0,1
17802,2,7,3667.88,352,279.85714285714283,1385.24,0
17803,18,1,184.66,18,98.0,0.0,1
17804,2,3,385.23,364,65.0,0.0,1
17805,236,1,414.72,236,648.0,512.31,0
17807,21,3,437.87,330,87.33333333333333,0.0,1
17808,174,4,262.64,207,35.75,0.0,1
17809,35,8,4673.9800000000005,363,117.25,6663.41,0
17810,294,2,374.81,309,59.5,0.0,1
17811,0,8,1772.07,71,143.75,7837.7300000000005,0
17812,0,3,216.18,156,39.333333333333336,949.71,0
17814,1,2,1617.32,48,720.0,0.0,1
17815,19,1,591.96,19,612.0,0.0,1
17816,284,2,59.55,350,25.0,52.769999999999996,0
17817,4,3,420.17,48,99.33333333333333,387.68,0
17818,363,1,130.18,363,90.0,0.0,1
17819,69,5,2316.18,352,115.8,4296.34,0
17820,0,1,183.56,0,112.0,0.0,1
17821,32,1,334.62,32,162.0,0.0,1
17822,46,5,2188.5,186,277.8,0.0,1
17823,47,2,494.25,47,131.0,0.0,1
17825,224,4,731.96,351,135.0,0.0,1
17826,0,1,134.59,0,85.0,0.0,1
17827,247,1,392.59,247,345.0,1995.46,0
17829,35,4,3867.5,281,628.25,889.24,0
17833,349,1,342.36,349,145.0,0.0,1
17834,40,2,730.47,71,343.5,0.0,1
17838,106,8,3008.04,256,215.0,3714.86,0
17840,69,1,185.72,69,138.0,0.0,1
17841,2,87,28350.94,363,159.816091954023,42533.13,0
17842,228,1,430.69,228,89.0,0.0,1
17843,37,1,120.75,37,163.0,205.48,0
17845,181,4,598.19,202,49.0,0.0,1
17847,141,2,129.69,271,14.5,0.0,1
17848,43,21,2749.7,359,49.523809523809526,901.1999999999999,0
17849,106,4,457.96000000000004,261,27.5,605.8000000000001,0
17850,64,121,45817.66,360,159.6611570247934,10782.42,0
17851,48,6,1563.34,362,156.33333333333334,0.0,1
17852,14,3,548.87,357,107.66666666666667,114.34,0
17853,33,3,1608.19,362,209.0,0.0,1
17854,88,4,760.19,357,131.5,311.26,0
17857,267,1,468.0,267,650.0,28214.24,0
17858,4,18,7390.74,359,149.44444444444446,5406.91,0
17860,54,3,509.94,354,203.0,505.6,0
17861,11,10,3026.89,355,258.6,2100.8,0
17862,11,3,948.1899999999999,189,114.33333333333333,330.9,0
17863,39,6,2200.48,278,339.6666666666667,3544.72,0
17864,11,2,326.82,53,155.5,597.5,0
17865,1,26,15848.07,364,278.0,10526.32,0
17866,110,2,805.3000000000001,351,180.5,329.65,0
17867,36,9,424.18,363,14.444444444444445,1197.1000000000001,0
17868,12,1,234.65,12,91.0,0.0,1
17869,95,2,393.66,173,191.0,642.5,0
17870,7,1,887.3999999999999,7,348.0,2220.75,0
17871,23,4,963.09,319,132.75,155.9,0
17872,7,1,235.87,7,176.0,0.0,1
17873,11,13,4441.570000000001,349,241.23076923076923,2074.31,0
17875,314,1,167.1,314,98.0,0.0,1
17876,25,3,3424.02,301,652.6666666666666,0.0,1
17878,21,2,1032.88,21,318.5,379.45,0
17880,265,2,366.0,356,76.0,458.92,0
17882,5,2,313.46,5,67.0,0.0,1
17883,165,3,324.08,277,34.0,671.77,0
17884,12,16,2030.82,361,124.875,1042.07,0
17886,63,3,708.77,215,81.33333333333333,899.61,0
17888,0,17,1094.39,344,33.1764705882353,726.05,0
17889,0,5,571.0,244,67.6,203.87,0
17894,6,10,1226.8,95,57.6,1226.58,0
17897,14,6,1583.78,202,109.66666666666667,1001.22,0
17898,78,2,147.12,193,30.5,152.06,0
17901,147,2,149.7,147,7.0,110.38,0
17902,172,1,216.39999999999998,172,526.0,0.0,1
17903,20,1,381.09000000000003,20,142.0,0.0,1
17905,76,9,1381.53,306,99.33333333333333,1001.99,0
17907,266,1,291.76,266,1046.0,0.0,1
17908,54,4,924.98,351,127.5,486.56,0
17909,363,1,132.55,363,41.0,0.0,1
17910,352,1,261.7,352,121.0,0.0,1
17912,1,1,64.49,1,31.0,311.01,0
17913,26,12,3068.04,362,121.33333333333333,411.6,0
17915,177,1,242.13,177,191.0,0.0,1
17916,254,2,43.87,359,45.0,0.0,1
17918,126,3,396.39,131,117.33333333333333,0.0,1
17919,64,1,536.28,64,696.0,1304.04,0
17920,5,37,19576.45,359,266.1621621621622,4940.01,0
17921,5,6,1596.98,137,95.33333333333333,826.52,0
17922,169,1,170.4,169,49.0,0.0,1
17923,153,2,289.5,170,45.0,207.50000000000003,0
17924,40,1,295.20000000000005,40,48.0,3241.5,0
17926,70,3,638.2,205,88.66666666666667,397.29,0
17927,347,1,294.0,347,108.0,0.0,1
17928,197,1,128.7,197,82.0,212.54,0
17929,13,8,2239.1,356,40.75,843.0,0
17930,19,8,2534.74,271,275.125,1740.48,0
17931,23,12,3028.93,287,140.66666666666666,408.36,0
17933,258,1,114.69,258,63.0,0.0,1
17934,32,1,344.90000000000003,32,150.0,704.25,0
17935,26,5,540.35,361,32.4,145.79,0
17938,46,1,144.29,46,53.0,0.0,1
17940,71,6,26286.75,362,12637.5,4106.4400000000005,0
17941,216,3,1128.72,328,285.3333333333333,304.56,0
17944,49,1,75.41,49,85.0,0.0,1
17945,322,3,360.35,322,81.33333333333333,0.0,1
17949,25,73,58803.6,363,410.8493150684931,59824.48,0
17950,30,4,687.4399999999999,330,73.75,745.37,0
17951,30,1,332.04,30,164.0,1304.0400000000002,0
17952,4,4,819.61,167,126.0,0.0,1
17953,166,1,160.82,166,99.0,0.0,1
17954,19,7,1504.65,356,138.42857142857142,2461.4,0
17955,281,2,392.6,291,204.0,557.3,0
17958,354,1,465.42,354,200.0,508.4599999999999,0
17959,218,1,140.75,218,49.0,0.0,1
17960,148,2,61.300000000000004,267,9.5,73.78,0
17961,18,61,1571.55,364,15.278688524590164,1423.99,0
17962,175,3,584.59,321,174.33333333333334,102.83,0
17963,97,4,651.51,315,86.0,0.0,1
17965,13,15,4461.61,351,193.8,2779.37,0
17966,217,5,875.99,316,274.4,1098.43,0
17967,42,1,111.14999999999999,42,38.0,246.14,0
17968,14,3,333.34,138,68.33333333333333,554.7,0
17969,128,18,2141.7400000000002,359,48.05555555555556,228.2,0
17971,174,1,161.94,174,62.0,0.0,1
17974,7,3,1117.27,32,241.33333333333334,740.79,0
17975,7,11,2225.92,116,56.09090909090909,4802.91,0
17977,26,1,1277.49,26,1720.0,288.14,0
17978,48,3,859.92,357,266.3333333333333,601.8399999999999,0
17980,19,1,221.97,19,100.0,811.45,0
17981,36,1,239.12,36,260.0,0.0,1
17982,306,1,138.18,306,117.0,0.0,1
17983,21,1,171.71,21,108.0,0.0,1
17984,18,4,1038.59,364,218.75,152.68,0
17987,2,4,805.07,176,188.5,198.57,0
17988,113,7,288.42,358,20.428571428571427,201.12,0
17989,5,1,228.82999999999998,5,329.0,0.0,1
17990,6,3,896.77,358,121.0,630.84,0
17991,217,1,227.2,217,75.0,93.35,0
17992,15,1,254.13,15,131.0,0.0,1
17993,243,1,235.19,243,112.0,0.0,1
17994,14,7,1634.83,246,242.42857142857142,678.49,0
17995,8,2,419.38,13,65.0,76.1,0
17996,5,3,482.33,172,195.66666666666666,0.0,1
17998,6,3,639.24,364,187.0,0.0,1
17999,4,1,158.5,4,80.0,572.4,0
18000,190,1,124.25,190,109.0,0.0,1
18001,75,4,536.61,363,132.5,417.23,0
18002,1,4,249.92,357,18.0,0.0,1
18003,2,1,358.61,2,299.0,0.0,1
18006,7,3,553.1800000000001,348,61.0,444.68,0
18007,18,1,220.32,18,252.0,0.0,1
18008,41,14,17670.94,328,446.35714285714283,2116.19,0
18009,168,7,1898.49,278,75.28571428571429,257.34,0
18011,193,1,321.45,193,56.0,205.57999999999998,0
18012,349,1,115.3,349,63.0,0.0,1
18016,36,2,476.90000000000003,307,90.0,1483.56,0
18017,57,1,165.0,57,100.0,523.0,0
18018,25,2,175.85,46,65.5,122.14,0
18020,169,1,190.48000000000002,169,67.0,0.0,1
18021,135,2,227.06,138,84.5,0.0,1
18022,11,4,983.68,172,163.5,668.11,0
18025,5,6,1177.72,245,175.5,0.0,1
18026,126,2,2074.07,131,265.0,0.0,1
18028,209,1,192.05,209,133.0,0.0,1
18029,268,1,433.77,268,253.0,0.0,1
18031,4,1,462.09999999999997,4,300.0,0.0,1
18034,1,1,370.82,1,431.0,422.88,0
18035,11,2,546.34,11,275.0,730.4,0
18036,11,8,1158.02,347,64.25,405.62,0
18037,47,9,97.39999999999999,364,1.8888888888888888,70.02,0
18038,182,1,149.41,182,85.0,0.0,1
18039,0,4,579.17,266,142.5,0.0,1
18041,27,17,3934.7,320,209.52941176470588,4817.68,0
18042,167,1,116.1,167,36.0,165.04999999999998,0
18044,13,8,1417.01,186,70.625,2088.6,0
18046,275,1,189.63,275,44.0,0.0,1
18047,7,2,342.69,7,69.0,0.0,1
18048,119,1,229.44,119,131.0,172.29000000000002,0
18049,63,2,556.52,216,212.5,0.0,1
18050,19,1,337.66,19,210.0,74.4,0
18051,260,7,2282.28,356,237.28571428571428,0.0,1
18052,190,1,10877.18,190,17766.0,0.0,1
18053,151,2,271.05,153,53.5,300.02,0
18054,18,1,176.5,18,96.0,0.0,1
18055,7,4,3410.9,39,272.5,7784.67,0
18056,244,1,190.95,244,123.0,363.65,0
18057,19,3,1203.56,316,326.0,0.0,1
18058,167,2,603.9,293,153.0,170.16,0
18060,34,2,1185.46,190,451.0,0.0,1
18061,2,18,3964.4,361,133.55555555555554,2524.57,0
18062,12,3,912.15,223,145.0,720.52,0
18063,16,2,186.60000000000002,259,24.0,0.0,1
18064,72,9,3681.03,302,258.3333333333333,814.0,0
18065,14,15,3473.8,356,82.53333333333333,2392.83,0
18066,12,2,1122.4,41,213.5,318.0,0
18069,9,6,2503.89,275,319.3333333333333,2036.67,0
18070,295,1,314.1,295,86.0,0.0,1
18071,97,4,716.68,360,104.5,711.95,0
18074,131,1,529.84,131,171.0,979.2,0
18075,0,10,3171.54,124,181.7,2611.75,0
18076,6,1,151.49,6,164.0,0.0,1
18077,23,7,1500.68,358,169.14285714285714,2837.88,0
18078,51,2,508.47,254,143.0,336.13,0
18079,117,1,590.78,117,1383.0,3651.97,0
18083,23,1,470.72999999999996,23,270.0,0.0,1
18084,9,2,722.4499999999999,14,224.5,90.47999999999999,0
18085,19,2,651.9,254,121.0,993.85,0
18087,5,15,10705.8,364,257.8666666666667,4055.7199999999993,0
18089,72,1,428.45,72,95.0,0.0,1
18090,47,1,349.4,47,321.0,0.0,1
18091,219,1,360.85,219,539.0,0.0,1
18092,70,7,5625.46,361,578.0,10553.98,0
18093,70,4,2346.19,244,509.25,2106.52,0
18094,72,6,3374.2200000000003,327,274.3333333333333,3017.3,0
18095,53,3,1723.04,225,401.3333333333333,580.0500000000001,0
18096,68,3,894.13,139,219.33333333333334,911.15,0
18097,11,5,1965.52,348,210.8,2697.8,0
18098,22,1,550.84,22,217.0,0.0,1
18100,176,1,451.56,176,440.0,0.0,1
18101,0,3,405.51,300,54.0,223.65,0
18102,15,85,321329.74,364,1382.6,287491.91,0
18103,175,1,105.8,175,23.0,0.0,1
18106,102,5,1030.76,319,76.8,430.7,0
18107,68,1,167.13,68,66.0,0.0,1
18108,222,2,577.8100000000001,363,88.5,271.0,0
18109,1,12,1563.54,152,49.416666666666664,8330.42,0
18110,37,1,199.13,37,100.0,236.3,0
18111,215,1,405.85,215,232.0,0.0,1
18112,44,2,423.27,177,96.0,352.69,0
18115,323,1,9.700000000000001,323,3.0,0.0,1
18116,2,5,736.27,37,86.6,1418.03,0
18118,0,3,603.54,7,107.66666666666667,6129.68,0
18123,139,1,95.15,139,35.0,589.4399999999999,0
18124,98,1,111.53,98,51.0,0.0,1
18127,29,1,212.8,29,64.0,348.73,0
18128,163,1,420.04,163,221.0,0.0,1
18131,257,1,222.95999999999998,257,552.0,0.0,1
18132,130,1,226.9,130,216.0,0.0,1
18134,224,2,445.0,320,64.0,0.0,1
18135,18,5,567.71,260,80.8,681.9100000000001,0
18136,35,2,847.03,77,240.5,784.33,0
18137,177,2,145.99,177,29.5,0.0,1
18140,99,1,536.41,99,395.0,0.0,1
18141,27,2,882.47,215,216.5,0.0,1
18144,8,7,2004.2,349,114.42857142857143,3053.8,0
18145,8,7,2756.2400000000002,357,354.57142857142856,2861.55,0
18148,272,1,114.10000000000001,272,64.0,0.0,1
18149,30,4,1012.63,261,152.0,612.0799999999999,0
18151,46,4,1226.09,271,157.75,653.35,0
18152,272,1,426.69,272,75.0,0.0,1
18153,285,1,246.22,285,200.0,0.0,1
18154,14,3,533.41,116,123.66666666666667,399.19,0
18157,197,1,215.35,197,146.0,0.0,1
18160,12,1,365.82,12,225.0,638.0600000000001,0
18161,5,1,184.41,5,153.0,1618.69,0
18162,358,1,379.16,358,335.0,0.0,1
18163,210,1,728.84,210,452.0,0.0,1
18166,249,1,175.5,249,90.0,0.0,1
18168,26,10,2337.03,362,145.0,1433.24,0
18170,0,6,1897.69,326,129.16666666666666,980.31,0
18171,96,4,1206.0,329,127.5,1231.31,0
18172,13,32,9918.16,354,132.15625,7561.68,0
18173,238,1,589.52,238,510.0,2106.84,0
18174,229,1,58.5,229,30.0,104.0,0
18175,301,1,176.1,301,70.0,0.0,1
18177,186,3,875.45,350,176.33333333333334,1341.42,0
18178,28,7,4512.93,285,409.57142857142856,1590.81,0
18179,148,2,754.38,289,225.5,1793.17,0
18181,26,4,823.14,361,94.5,382.8,0
18182,89,1,291.13,89,167.0,0.0,1
18186,348,1,329.58,348,338.0,0.0,1
18187,257,1,724.89,257,310.0,0.0,1
18188,56,3,1279.55,249,240.0,2001.04,0
18189,251,1,313.49,251,270.0,1090.24,0
18190,229,3,461.16,343,116.66666666666667,284.46000000000004,0
18191,103,1,321.59999999999997,103,192.0,207.79999999999998,0
18193,6,2,963.59,68,401.0,243.76,0
18194,64,5,3188.2000000000003,306,228.4,973.8399999999999,0
18195,13,1,101.16,13,60.0,0.0,1
18196,97,2,775.18,258,307.0,689.13,0
18197,201,1,230.1,201,166.0,0.0,1
18199,309,1,344.75,309,99.0,0.0,1
18201,348,1,447.53000000000003,348,191.0,0.0,1
18203,7,3,344.0,357,23.333333333333332,160.42000000000002,0
18206,179,1,314.65999999999997,179,246.0,0.0,1
18207,125,1,544.47,125,325.0,0.0,1
18208,191,1,360.08,191,82.0,0.0,1
18210,8,1,147.45,8,101.0,2621.38,0
18212,303,1,298.3,303,66.0,248.42,0
18214,156,4,1780.34,179,247.25,0.0,1
18215,63,4,1948.15,249,256.25,299.34000000000003,0
18217,139,2,323.29,152,124.5,621.75,0
18218,222,2,479.91999999999996,286,246.0,662.08,0
18219,15,7,1282.93,358,100.14285714285714,2279.96,0
18220,20,5,1616.48,350,212.8,305.28000000000003,0
18221,16,1,383.33,16,209.0,1041.61,0
18223,13,12,7516.31,361,308.0,6484.54,0
18225,12,14,7515.139999999999,361,288.85714285714283,5539.12,0
18226,4,15,6650.83,270,294.46666666666664,5228.05,0
18227,110,1,295.0,110,1.0,93.75,0
18229,12,8,2873.61,362,72.875,7930.1,0
18230,4,2,1480.8600000000001,151,340.0,2810.2000000000003,0
18231,32,23,4797.7,324,91.3913043478261,2083.27,0
18234,177,1,179.6,177,80.0,0.0,1
18236,14,6,913.11,229,48.833333333333336,882.24,0
18238,141,1,270.92,141,114.0,0.0,1
18239,48,1,150.65,48,49.0,1999.71,0
18241,41,4,913.9,243,105.0,2073.09,0
18242,71,4,1372.72,323,251.0,2232.4900000000002,0
18243,40,1,515.78,40,221.0,0.0,1
18244,56,2,568.64,128,428.0,0.0,1
18245,5,13,3757.92,267,254.6153846153846,2567.06,0
18246,235,1,162.72,235,48.0,596.1,0
18247,40,3,839.73,257,111.66666666666667,0.0,1
18251,71,8,21964.14,343,3976.875,4314.72,0
18252,174,5,1015.42,347,139.6,526.67,0
18253,268,1,317.88,268,128.0,0.0,1
18254,207,1,267.9,207,188.0,0.0,1
18255,82,1,199.85,82,127.0,103.3,0
18256,13,1,110.7,13,180.0,0.0,1
18257,72,4,2262.52,285,332.0,2337.63,0
18258,90,6,2059.67,198,330.1666666666667,0.0,1
18259,11,4,1603.3000000000002,357,140.0,2714.9,0
18260,0,17,7318.91,350,221.7058823529412,2643.2000000000003,0
18262,19,2,428.06,228,185.0,149.48,0
18264,124,1,603.25,124,241.0,0.0,1
18266,60,1,251.1,60,138.0,0.0,1
18267,298,1,269.37,298,135.0,0.0,1
18268,217,5,1464.73,354,141.8,25.5,0
18270,58,1,161.4,58,108.0,283.15,0
18271,235,2,680.85,357,159.5,0.0,1
18272,174,3,1307.4,271,276.6666666666667,3078.58,0
18273,216,1,153.0,216,60.0,204.0,0
18275,204,2,741.85,357,208.5,0.0,1
18276,18,5,1320.66,355,212.0,335.86,0
18277,23,4,1069.67,120,95.25,110.38,0
18278,30,1,240.3,30,74.0,173.9,0
18279,145,1,231.33999999999997,145,630.0,0.0,1
18280,20,1,307.55,20,149.0,180.60000000000002,0
18281,203,1,120.32,203,92.0,80.82,0
18283,8,6,641.77,284,56.0,2094.88,0
18284,57,1,461.68,57,494.0,0.0,1
18285,286,1,427.0,286,145.0,0.0,1
18286,102,2,1296.43,349,304.0,0.0,1
18287,8,4,2345.71,197,356.75,1837.28,0
